path	bytes	sha256	sourcePath	sourceRepo	sourceRef	sourceMode
image/arm/boomerang/1/icon.png	3856	E343C9DF40320068F0D4E2CAAB021B253D5200BEB3238AAB7908168416990506	image/arm/boomerang/1/icon.png	trinhtanphat/Resource	303eab6ab6c17cc7ed6cd11bd8bab3331970cd6e	raw
image/arm/boomerang4/1/0/show.png	9093	707BBEF557DBB212103B6FF1B2FB8890F22AAA685DCEE26821B3A7CB1C1263D9	image/arm/boomerang4/1/0/show.png	trinhtanphat/Resource	303eab6ab6c17cc7ed6cd11bd8bab3331970cd6e	raw
image/arm/pike/1/icon.png	3879	5B0DB86CF08A0A5E4017EB4374A56E494E7369CECA07830CA82106A05ABE2D25	image/arm/pike/1/icon.png	trinhtanphat/Resource	303eab6ab6c17cc7ed6cd11bd8bab3331970cd6e	raw
image/arm/pike4/1/0/show.png	8523	6DDCD51FE8285526B2BB0301C1C9BB6E61637244D7823F83528BBB4A782B665B	image/arm/pike4/1/0/show.png	trinhtanphat/Resource	303eab6ab6c17cc7ed6cd11bd8bab3331970cd6e	raw
image/arm/slingshot/1/icon.png	3590	3CC177B7AC31F9D72AAD59AF9CF357D9E414F70A53461C63E20C3565DC5BE561	image/arm/slingshot/1/icon.png	trinhtanphat/Resource	303eab6ab6c17cc7ed6cd11bd8bab3331970cd6e	raw
image/arm/sopsbox/1/icon.png	4996	3B79F20D0C9B6203785BB04ED21C40F731BCC264995AF2DE0AED784E574D195D	image/arm/sopsbox/1/icon.png	trinhtanphat/Resource	303eab6ab6c17cc7ed6cd11bd8bab3331970cd6e	raw
image/arm/sssword4/1/0/show.png	6214	04E822529EA86C678A3869908ED9C49EC21EF250BD1025A016A53D05EA73592D	image/arm/sssword4/1/0/show.png	trinhtanphat/Resource	303eab6ab6c17cc7ed6cd11bd8bab3331970cd6e	raw
image/arm/sthebouquet4/1/0/show.png	7103	E2DD1CB6EA9D3A2BB0698E5EFEDB92596141040D3B2FCBD87A54A4C14BCEED89	image/arm/sthebouquet4/1/0/show.png	trinhtanphat/Resource	303eab6ab6c17cc7ed6cd11bd8bab3331970cd6e	raw
image/arm/sthebouquet4/1/icon.png	4983	137E17C9F365406641B7CFD258B2C06E580EA5AB1F07484034A0B370417D94A5	image/arm/sthebouquet4/1/icon.png	trinhtanphat/Resource	303eab6ab6c17cc7ed6cd11bd8bab3331970cd6e	raw
image/arm/sthebouquet5/1/0/show.png	7797	FB92A552B9200336ACAAB7427E3DC1DD5D2628B7B903FC8CFA7EDC9BDC70B13D	image/arm/sthebouquet5/1/0/show.png	trinhtanphat/Resource	303eab6ab6c17cc7ed6cd11bd8bab3331970cd6e	raw
image/arm/sthebouquet5/1/1/game.png	45720	A8DB919C45C3AE30BF24B5B24CB3FB978DF15CD157892B2BCB5B9610657AB07A	image/arm/sthebouquet5/1/1/game.png	trinhtanphat/Resource	303eab6ab6c17cc7ed6cd11bd8bab3331970cd6e	raw
image/arm/sthebouquet5/1/icon.png	4928	18E21C80C5F51EDFF685EE12AAA96397426744B8BA0CF791DC7AFDC2AC9554A5	image/arm/sthebouquet5/1/icon.png	trinhtanphat/Resource	303eab6ab6c17cc7ed6cd11bd8bab3331970cd6e	raw
image/bomb/blastout/blastout1004.swf	33320	C650BD25F29C75B78DE8E4EB42895DF185991438AF819D6AABF20FF80FF8A73C	image/bomb/blastout/blastout1004.swf	trinhtanphat/Resource	303eab6ab6c17cc7ed6cd11bd8bab3331970cd6e	raw
image/bomb/blastout/blastout174.swf	34616	A5FBBA726BE59A88EA9742EBC3B86C90724225A6A414F3DE985B9EBE8FEECC1B	image/bomb/blastout/blastout174.swf	trinhtanphat/Resource	303eab6ab6c17cc7ed6cd11bd8bab3331970cd6e	raw
image/bomb/blastout/blastout51.swf	18572	9D6227F794E9FCB9D9E22912313B04D3ACCA57A9759605CE02706065654C1D91	image/bomb/blastout/blastout51.swf	trinhtanphat/Resource	303eab6ab6c17cc7ed6cd11bd8bab3331970cd6e	raw
image/bomb/blastout/blastout994.swf	25221	37B57E37E397B3515AB1FE92F40D75A40E908630FE56FBBB900304B656BEAE86	image/bomb/blastout/blastout994.swf	trinhtanphat/Resource	303eab6ab6c17cc7ed6cd11bd8bab3331970cd6e	raw
image/bomb/blastout/blastout9941.swf	19408	EFB781757963BFCD29AF5D0F1CC43A806A75BC15E6E5924E2D04BE78B53962B1	image/bomb/blastout/blastout9941.swf	trinhtanphat/Resource	303eab6ab6c17cc7ed6cd11bd8bab3331970cd6e	raw
image/bomb/blastout/blastout9942.swf	29015	FC1140F6323006BCDFC85169FC8ADB017F308F6DBA1FCFD5ACCDD9CAC236EC6A	image/bomb/blastout/blastout9942.swf	trinhtanphat/Resource	303eab6ab6c17cc7ed6cd11bd8bab3331970cd6e	raw
image/bomb/bullet/bullet171.swf	243279	A72CD55A30E8FCEA5B1E4F5F248B28B35066D8088F8DD1F1A6B8A0AB5D4CD3B7	image/bomb/bullet/bullet171.swf	trinhtanphat/Resource	303eab6ab6c17cc7ed6cd11bd8bab3331970cd6e	raw
image/bomb/bullet/bullet51.swf	70378	2735B0602D9CCE152D858AD93522495A00AB308984D9587023AC8498EA72057B	image/bomb/bullet/bullet51.swf	trinhtanphat/Resource	303eab6ab6c17cc7ed6cd11bd8bab3331970cd6e	raw
image/bomb/bullet/bullet991.swf	268404	F046F0345A0F7EEEAAE8312E1EDEBC59DF9E2328ACF76C031470C8317D8DD136	image/bomb/bullet/bullet991.swf	trinhtanphat/Resource	303eab6ab6c17cc7ed6cd11bd8bab3331970cd6e	raw
image/bomb/bullet/bullet992.swf	495890	3848D8E348A854AFEDC900AC8DEAE9C89B3A191C9FDD5681FF674EE8D81015D3	image/bomb/bullet/bullet992.swf	trinhtanphat/Resource	303eab6ab6c17cc7ed6cd11bd8bab3331970cd6e	raw
image/bomb/crater/171/crater.png	1279	608741C07B6E3BD0089D864BF7F61391EDEC5B3AA90BA15560A2C7E7F0398EC7	image/bomb/crater/171/crater.png	trinhtanphat/Resource	303eab6ab6c17cc7ed6cd11bd8bab3331970cd6e	raw
image/bomb/crater/171/craterbrink.png	5015	258420E8FA92D9C30D952FFF612B7D9B88A1E44EB4F7AC3676F3A805DFE74DFE	image/bomb/crater/171/craterbrink.png	trinhtanphat/Resource	303eab6ab6c17cc7ed6cd11bd8bab3331970cd6e	raw
image/bomb/crater/681/crater.png	885	583931C4FCF86712337E1258A5B20F4AE2BB5D0254AF3498328340F813F3F263	image/bomb/crater/681/crater.png	trinhtanphat/Resource	303eab6ab6c17cc7ed6cd11bd8bab3331970cd6e	raw
image/bomb/crater/681/craterbrink.png	3678	55FF23313470E184B9209531FB941133F7BCFB0CABA3651817F3AD533A0DF81C	image/bomb/crater/681/craterbrink.png	trinhtanphat/Resource	303eab6ab6c17cc7ed6cd11bd8bab3331970cd6e	raw
image/bomb/crater/691/crater.png	970	C2B058887C8642EC47CC64DCA741FD10D336110B658AFA2F83FEF1DF014004E7	image/bomb/crater/691/crater.png	trinhtanphat/Resource	303eab6ab6c17cc7ed6cd11bd8bab3331970cd6e	raw
image/bomb/crater/691/craterbrink.png	4619	7E34DD42D4D0C7D7858A7BC23316FF407C1774232EB8D06C763D637D1489A8ED	image/bomb/crater/691/craterbrink.png	trinhtanphat/Resource	303eab6ab6c17cc7ed6cd11bd8bab3331970cd6e	raw
image/cardbox/myzc--bych/icon.png	5501	4F94FADBCE947A6E81BEF11EA73DE9D3123EDCA9965E06E8986D24D8DB278F21	image/cardbox/myzc--bych/icon.png	trinhtanphat/Resource	303eab6ab6c17cc7ed6cd11bd8bab3331970cd6e	raw
image/cardbox/myzc--byqf/icon.png	5396	97F60EDDCBE9E0744F8E86E49930928C93C76F8EB3B26A932E6405F51A160634	image/cardbox/myzc--byqf/icon.png	trinhtanphat/Resource	303eab6ab6c17cc7ed6cd11bd8bab3331970cd6e	raw
image/cardbox/myzc-dnls/icon.png	5691	2F4345380FCAB445062694E21CE6859DEE7134985CEF2331244138A36F7EB0FF	image/cardbox/myzc-dnls/icon.png	trinhtanphat/Resource	303eab6ab6c17cc7ed6cd11bd8bab3331970cd6e	raw
image/cardbox/skxw-dlf/icon.png	5205	99F0CCDA3EC4879FDB00C0CFC64255EC4D05D9FF429D1919D5455944ACE6A24A	image/cardbox/skxw-dlf/icon.png	trinhtanphat/Resource	303eab6ab6c17cc7ed6cd11bd8bab3331970cd6e	raw
image/cardbox/skxw-hhz/icon.png	5493	7A8EE8700EA0AE7C711FF832DFFB6B4E7640EFCAB7EA25B1013CE4C430027227	image/cardbox/skxw-hhz/icon.png	trinhtanphat/Resource	303eab6ab6c17cc7ed6cd11bd8bab3331970cd6e	raw
image/cardbox/skxw-lgl/icon.png	5364	8F2D910844BDF9BC7DDFA99475087CE88C8CAA0EBDD5013D5B793FEF3C3FE9EB	image/cardbox/skxw-lgl/icon.png	trinhtanphat/Resource	303eab6ab6c17cc7ed6cd11bd8bab3331970cd6e	raw
image/cardbox/skxw-xijt/icon.png	5597	C1626D45E619ACE40E9CE5729490389EBA3EB574055BD2081875B09C8B52FD0F	image/cardbox/skxw-xijt/icon.png	trinhtanphat/Resource	303eab6ab6c17cc7ed6cd11bd8bab3331970cd6e	raw
image/cardbox/skxw-yl/icon.png	5828	5BFC4A44D8BB6E855D9FF6BF1D274E55619AAD1A1008767D83FB43511E0FB29E	image/cardbox/skxw-yl/icon.png	trinhtanphat/Resource	303eab6ab6c17cc7ed6cd11bd8bab3331970cd6e	raw
image/equip/circlelight/5.swf	20712	34DB2FFF816EBD8B180E17E170419CCC9D75E1E4CAAB67EDF186CD2C7E4F714B	image/equip/circlelight/5.swf	trinhtanphat/Resource	303eab6ab6c17cc7ed6cd11bd8bab3331970cd6e	raw
image/equip/f/cloth/cloth224/icon_1.png	14544	3B71D33E08BDC85C8C49EFF78AB1E0D536BD140F13F0667A81E5A62929F3AF84	image/equip/f/cloth/cloth224/icon_1.png	trinhtanphat/Resource	303eab6ab6c17cc7ed6cd11bd8bab3331970cd6e	raw
image/equip/f/cloth/cloth324/1/show.png	10854	F95F02682D966F7989F5241CC09E695FB9051F31D5AF03647DD02CC475650921	image/equip/f/cloth/cloth324/1/show.png	trinhtanphat/Resource	303eab6ab6c17cc7ed6cd11bd8bab3331970cd6e	raw
image/equip/f/cloth/cloth324/2/show.png	1402	EDCCDD16A5760F1062948E912817D6D2656F52373DE6301E56E502691943FE7B	image/equip/f/cloth/cloth324/2/show.png	trinhtanphat/Resource	303eab6ab6c17cc7ed6cd11bd8bab3331970cd6e	raw
image/equip/f/cloth/cloth324/3/show.png	6092	7DBBEAB4016B15A9403FE183AF48E79D81E292DA5796398244769B00D2E11BD8	image/equip/f/cloth/cloth324/3/show.png	trinhtanphat/Resource	303eab6ab6c17cc7ed6cd11bd8bab3331970cd6e	raw
image/equip/f/cloth/cloth90/1/show.png	7765	F371B22058FBF0C970FA938A775D10EBD43C854C8BA3C45DF636ABDE6D318B71	image/equip/f/cloth/cloth90/1/show.png	trinhtanphat/Resource	303eab6ab6c17cc7ed6cd11bd8bab3331970cd6e	raw
image/equip/f/cloth/cloth90/2/show.png	1773	C92933A8BA813454248D9CBC2C7FBF859076C67D50A16E5F216F1D58EBA2D693	image/equip/f/cloth/cloth90/2/show.png	trinhtanphat/Resource	303eab6ab6c17cc7ed6cd11bd8bab3331970cd6e	raw
image/equip/f/cloth/cloth90/3/show.png	3465	FB45360CE851641CDBF8BB4AE96B1D0746249FDF68E5466A5218C11A157E85B2	image/equip/f/cloth/cloth90/3/show.png	trinhtanphat/Resource	303eab6ab6c17cc7ed6cd11bd8bab3331970cd6e	raw
image/equip/f/eff/eff107/1/show.png	2202	C99D7962E8FF0340B6AFE48431218C31B55690383AD6ADD2D6ED76E309122130	image/equip/f/eff/eff107/1/show.png	trinhtanphat/Resource	303eab6ab6c17cc7ed6cd11bd8bab3331970cd6e	raw
image/equip/f/eff/eff107/2/show.png	1244	3A0A621B49547BBBCC3CE4A655B3C21423C6A4E7822290A0A4E178D9C01D8228	image/equip/f/eff/eff107/2/show.png	trinhtanphat/Resource	303eab6ab6c17cc7ed6cd11bd8bab3331970cd6e	raw
image/equip/f/eff/eff134/1/show.png	2328	A46F5DBE01674E737CB96D96E777DC91A5C24370E28BEBDF36F61D541FF6B1CF	image/equip/f/eff/eff134/1/show.png	trinhtanphat/Resource	303eab6ab6c17cc7ed6cd11bd8bab3331970cd6e	raw
image/equip/f/eff/eff134/2/show.png	1683	4CAD45783691687DA00694759E7C14354FA7796A1D8E63563168DE604014844D	image/equip/f/eff/eff134/2/show.png	trinhtanphat/Resource	303eab6ab6c17cc7ed6cd11bd8bab3331970cd6e	raw
image/equip/f/eff/eff47/1/game.png	7946	1067958903FE72E084A9AB2AF5CB6E2B0BCF8F98AA5F51F46F0752DC0DAECA49	image/equip/f/eff/eff47/1/game.png	trinhtanphat/Resource	303eab6ab6c17cc7ed6cd11bd8bab3331970cd6e	raw
image/equip/f/eff/eff47/2/game.png	3308	64A23DD137B5D0D02451162A41D5760C8D144F91015F8547CE2297260F2722BA	image/equip/f/eff/eff47/2/game.png	trinhtanphat/Resource	303eab6ab6c17cc7ed6cd11bd8bab3331970cd6e	raw
image/equip/f/face/face76/1/show.png	11714	8756CE95C3410B27B5163EA2D63503C8D328614C683714B7F7A682AB9D530620	image/equip/f/face/face76/1/show.png	trinhtanphat/Resource	303eab6ab6c17cc7ed6cd11bd8bab3331970cd6e	raw
image/equip/f/face/face76/2/show.png	12785	2ADD2907F400A4C881D3CF4B946147C617F0099DF685DE048993821848042EC7	image/equip/f/face/face76/2/show.png	trinhtanphat/Resource	303eab6ab6c17cc7ed6cd11bd8bab3331970cd6e	raw
image/equip/f/face/face76/3/show.png	2367	2852EC299D99B96A03B8C77E58A947AD2291C9969F2914388A1CD0BE167693F2	image/equip/f/face/face76/3/show.png	trinhtanphat/Resource	303eab6ab6c17cc7ed6cd11bd8bab3331970cd6e	raw
image/equip/f/glass/glass33/1/game.png	17411	C723853DA18ADD395DFE2DE18F19C83F8DBE8B17CA4E10E1EB623ABB9F2CA8EE	image/equip/f/glass/glass33/1/game.png	trinhtanphat/Resource	303eab6ab6c17cc7ed6cd11bd8bab3331970cd6e	raw
image/equip/f/glass/glass33/1/show.png	6361	D81155A7981ED2B657CA841ABB5E73E8DE886D85891B136364C9A0AECFD5E139	image/equip/f/glass/glass33/1/show.png	trinhtanphat/Resource	303eab6ab6c17cc7ed6cd11bd8bab3331970cd6e	raw
image/equip/f/glass/glass33/2/game.png	13579	08B646972158A07C6E1E74A4D22CA6A532A0B9CA46ED4D4F8CF1A03A00A33A9F	image/equip/f/glass/glass33/2/game.png	trinhtanphat/Resource	303eab6ab6c17cc7ed6cd11bd8bab3331970cd6e	raw
image/equip/f/glass/glass33/2/show.png	5247	0DD37E76AEE8834FC5D932E42061604D852C4708397E0AAEA41B6BFE298C577C	image/equip/f/glass/glass33/2/show.png	trinhtanphat/Resource	303eab6ab6c17cc7ed6cd11bd8bab3331970cd6e	raw
image/equip/f/glass/glass96/1/show.png	6176	A30E7A300123796C6D5CAD183D38B20D0DFCAA8E1EAA5406CA8636BD25D5B8DB	image/equip/f/glass/glass96/1/show.png	trinhtanphat/Resource	303eab6ab6c17cc7ed6cd11bd8bab3331970cd6e	raw
image/equip/f/glass/glass96/2/show.png	4865	0DFFFC5AE8A9C816BC4767FF3ABE0CA3704CE0A7582B04C70C5FFF91F00C8D54	image/equip/f/glass/glass96/2/show.png	trinhtanphat/Resource	303eab6ab6c17cc7ed6cd11bd8bab3331970cd6e	raw
image/equip/f/hair/hair114/1/a/show.png	19339	0F768698771C6C081E6E19C5A865963BFF0353FED9A45189F17E630320412D8F	image/equip/f/hair/hair114/1/a/show.png	trinhtanphat/Resource	303eab6ab6c17cc7ed6cd11bd8bab3331970cd6e	raw
image/equip/f/hair/hair114/2/a/show.png	11653	6DAD345AE90315FFEF4FD278719D4A57E5AF11D523B11B976B092D7DD238EF75	image/equip/f/hair/hair114/2/a/show.png	trinhtanphat/Resource	303eab6ab6c17cc7ed6cd11bd8bab3331970cd6e	raw
image/equip/f/hair/hair117/1/a/show.png	12624	4076FC22C028059B44F406836DDA1769AE2043EA126989635212DB75A3B7CD4B	image/equip/f/hair/hair117/1/a/show.png	trinhtanphat/Resource	303eab6ab6c17cc7ed6cd11bd8bab3331970cd6e	raw
image/equip/f/hair/hair117/2/a/show.png	9790	8AE4AB29F1F51F41BD228CFE9A946E4ED6F7789960443A86DB56E5959F86803B	image/equip/f/hair/hair117/2/a/show.png	trinhtanphat/Resource	303eab6ab6c17cc7ed6cd11bd8bab3331970cd6e	raw
image/equip/f/hair/hair35/1/a/game.png	30548	0489E6B7BCFA01FF4E382CBA0F72700FB4AC387CEAB8BE9B995C27E903562F3F	image/equip/f/hair/hair35/1/a/game.png	trinhtanphat/Resource	303eab6ab6c17cc7ed6cd11bd8bab3331970cd6e	raw
image/equip/f/hair/hair35/2/a/game.png	23001	891E9D979635FC41F3385CD7A5B1535F31735C6134A8A1AF860FBBF4E95CFCA1	image/equip/f/hair/hair35/2/a/game.png	trinhtanphat/Resource	303eab6ab6c17cc7ed6cd11bd8bab3331970cd6e	raw
image/equip/f/hair/hair44/1/b/game.png	34638	17F9990B5A8E66C83E9B4A8E4F2EA1F8FDF3DC32D381D138779FCD6914D7120A	image/equip/f/hair/hair44/1/b/game.png	trinhtanphat/Resource	303eab6ab6c17cc7ed6cd11bd8bab3331970cd6e	raw
image/equip/f/hair/hair44/2/b/game.png	25449	34F0082C7E72AD958181006C1EE94DD331860E5A7A33C6D8F9DEEE681CDE98CE	image/equip/f/hair/hair44/2/b/game.png	trinhtanphat/Resource	303eab6ab6c17cc7ed6cd11bd8bab3331970cd6e	raw
image/equip/f/head/default/1/game.png	249	8E02CF196744307B200883DBF7D273661E8500E50CECBFD68F57FC7B0AAC47DD	image/equip/f/head/default/1/game.png	trinhtanphat/Resource	303eab6ab6c17cc7ed6cd11bd8bab3331970cd6e	raw
image/equip/f/head/head2/1/game.png	36021	9CE1046B8DBC183D39E366C47A415A6F8008A2F90140B7AF3FADEB6BC7339485	image/equip/f/head/head2/1/game.png	trinhtanphat/Resource	303eab6ab6c17cc7ed6cd11bd8bab3331970cd6e	raw
image/equip/f/head/head2/2/game.png	26414	59B85AF772A44FCAF1ED784515D10B6A917610C9E788E9659BFB19D75803F208	image/equip/f/head/head2/2/game.png	trinhtanphat/Resource	303eab6ab6c17cc7ed6cd11bd8bab3331970cd6e	raw
image/equip/f/head/head217/1/show.png	13076	3709CDD881E914AD0CF9FB38B07C7DF7241D23F13C252E237D7617C42CEE080F	image/equip/f/head/head217/1/show.png	trinhtanphat/Resource	303eab6ab6c17cc7ed6cd11bd8bab3331970cd6e	raw
image/equip/f/head/head217/2/show.png	4330	1E9B9DDCA7CC2036EF0DAA55C8DE29D2E824D07FF79D03CE0E1D3F0784DC6546	image/equip/f/head/head217/2/show.png	trinhtanphat/Resource	303eab6ab6c17cc7ed6cd11bd8bab3331970cd6e	raw
image/equip/f/head/head242/icon_1.png	4643	3AC5297A6DC491163F3CCD8CC1A12450A8AD55BFFD7B9A733EE6A075990DCAB4	image/equip/f/head/head242/icon_1.png	trinhtanphat/Resource	303eab6ab6c17cc7ed6cd11bd8bab3331970cd6e	raw
image/equip/f/head/head244/icon_1.png	4129	794AD68FC8B5430266751503CB1401F9F629753C5704255A4CA7F99563A011A1	image/equip/f/head/head244/icon_1.png	trinhtanphat/Resource	303eab6ab6c17cc7ed6cd11bd8bab3331970cd6e	raw
image/equip/f/head/head330/1/show.png	15600	3898B4E7CAD03C9533D52613C99B752B3F3B0C024ED6A7D794F3452EAE8A1C36	image/equip/f/head/head330/1/show.png	trinhtanphat/Resource	303eab6ab6c17cc7ed6cd11bd8bab3331970cd6e	raw
image/equip/f/head/head330/2/show.png	5093	8554DCF0C99D03B1EC9C0A1F67BC91336A934A853B548297F9A3BFF9468B09F4	image/equip/f/head/head330/2/show.png	trinhtanphat/Resource	303eab6ab6c17cc7ed6cd11bd8bab3331970cd6e	raw
image/equip/f/suits/suits11/1/game.png	72928	AB15B69D8767757FA52E1CFA2D14EA58C322D6BDD5424DA7EB6A95180FAA672C	image/equip/f/suits/suits11/1/game.png	trinhtanphat/Resource	303eab6ab6c17cc7ed6cd11bd8bab3331970cd6e	raw
image/equip/f/suits/suits11/1/game1.png	70977	CDCCD92B0E10934198DAA9713602C7B17DB734FD1B62CDAEA836813A1983B45A	image/equip/f/suits/suits11/1/game1.png	trinhtanphat/Resource	303eab6ab6c17cc7ed6cd11bd8bab3331970cd6e	raw
image/equip/f/suits/suits11/1/show.png	35282	03205C23640F9B31CF594B841FC99FEE466B07010C2B030FE69FF9FACE83EA75	image/equip/f/suits/suits11/1/show.png	trinhtanphat/Resource	303eab6ab6c17cc7ed6cd11bd8bab3331970cd6e	raw
image/equip/f/suits/suits301/1/show.png	23141	ED867C3A887C185218420AF2C31901BBC189DB18CF3A240057C84FBB8A68D697	image/equip/f/suits/suits301/1/show.png	trinhtanphat/Resource	303eab6ab6c17cc7ed6cd11bd8bab3331970cd6e	raw
image/equip/f/suits/suits44/icon_1.png	4510	66F821FA53121BAC66F825683C456BE8C8F5E0CE2A1E0F89429371EB97D3F8B6	image/equip/f/suits/suits44/icon_1.png	trinhtanphat/Resource	303eab6ab6c17cc7ed6cd11bd8bab3331970cd6e	raw
image/equip/f/suits/suits45/icon_1.png	4872	1B3D18D9CAED36BCDD03B9F2224C66F0C0F962074A999D0A75D7ABD605AA19C7	image/equip/f/suits/suits45/icon_1.png	trinhtanphat/Resource	303eab6ab6c17cc7ed6cd11bd8bab3331970cd6e	raw
image/equip/m/cloth/cloth107/1/show.png	15362	30A74AEA2BF104DA3D0ABCAEA247099B109496261BFF74169A8287B8ABC3F91F	image/equip/m/cloth/cloth107/1/show.png	trinhtanphat/Resource	303eab6ab6c17cc7ed6cd11bd8bab3331970cd6e	raw
image/equip/m/cloth/cloth107/2/show.png	666	10EBF5423A76406296170075CDCAA8610FAB55EB1F2B4A02402954ADE9A90231	image/equip/m/cloth/cloth107/2/show.png	trinhtanphat/Resource	303eab6ab6c17cc7ed6cd11bd8bab3331970cd6e	raw
image/equip/m/cloth/cloth107/3/show.png	5140	EEC8C1DCEE657344355698C143C35F43BFFDD94E328A3F217BCBA4B3E19251AA	image/equip/m/cloth/cloth107/3/show.png	trinhtanphat/Resource	303eab6ab6c17cc7ed6cd11bd8bab3331970cd6e	raw
image/equip/m/cloth/cloth2/1/show.png	6336	6E3477B9A1FFD5274BAD32B19680CA90A680E6EF00DA4F18826778CC8DB800DE	image/equip/m/cloth/cloth2/1/show.png	trinhtanphat/Resource	303eab6ab6c17cc7ed6cd11bd8bab3331970cd6e	raw
image/equip/m/cloth/cloth2/2/show.png	945	94BF1158B075AA7965BD0E2CDC33C541372E7B4342EAC5D81825D223CAD59FA7	image/equip/m/cloth/cloth2/2/show.png	trinhtanphat/Resource	303eab6ab6c17cc7ed6cd11bd8bab3331970cd6e	raw
image/equip/m/cloth/cloth2/3/show.png	3642	2E9712F9D76564AF7F0F9F2B1E8E8BE85795F4C80D4D4A6E2F5398D9349333C3	image/equip/m/cloth/cloth2/3/show.png	trinhtanphat/Resource	303eab6ab6c17cc7ed6cd11bd8bab3331970cd6e	raw
image/equip/m/cloth/cloth60/1/show.png	5949	17ECB04EB4F8E58F50582A0A134EF2A31C28BBC4667D597455F740E1BAC167E6	image/equip/m/cloth/cloth60/1/show.png	trinhtanphat/Resource	303eab6ab6c17cc7ed6cd11bd8bab3331970cd6e	raw
image/equip/m/cloth/cloth60/2/show.png	2278	A3C22C59D976D435FE39337474A312FF02995C426C7AADEFBCFC72DF578BC72C	image/equip/m/cloth/cloth60/2/show.png	trinhtanphat/Resource	303eab6ab6c17cc7ed6cd11bd8bab3331970cd6e	raw
image/equip/m/cloth/cloth60/3/show.png	1848	9122982FC3B194D2C837A23003AB21A3118FB6DFB3DB01B3E784ECA7B6E72E31	image/equip/m/cloth/cloth60/3/show.png	trinhtanphat/Resource	303eab6ab6c17cc7ed6cd11bd8bab3331970cd6e	raw
image/equip/m/eff/eff108/1/show.png	3627	581B831E29D23B9285B4CA71178348206FB6457F1FE77142340DEDBE197B814A	image/equip/m/eff/eff108/1/show.png	trinhtanphat/Resource	303eab6ab6c17cc7ed6cd11bd8bab3331970cd6e	raw
image/equip/m/eff/eff108/2/show.png	2232	6158CBBD20566A66D19AB528736C10E317366E48375778263469E44DC3026C2A	image/equip/m/eff/eff108/2/show.png	trinhtanphat/Resource	303eab6ab6c17cc7ed6cd11bd8bab3331970cd6e	raw
image/equip/m/eff/eff41/1/show.png	2547	1276DCC9C3826979822F17AEAC0D0B388807ACC3FADF421AB5AFD37A1B7EE637	image/equip/m/eff/eff41/1/show.png	trinhtanphat/Resource	303eab6ab6c17cc7ed6cd11bd8bab3331970cd6e	raw
image/equip/m/eff/eff41/2/show.png	1630	8BDA062247454B5A3B48426EC685AB9DE0279E9AA69D6E9C6343F2343ACB397D	image/equip/m/eff/eff41/2/show.png	trinhtanphat/Resource	303eab6ab6c17cc7ed6cd11bd8bab3331970cd6e	raw
image/equip/m/face/face2/1/show.png	12130	4B8AD0EEAF6AAC969B9EACD696C553EEDE8BDE010087DF5BC33BD55D909D571A	image/equip/m/face/face2/1/show.png	trinhtanphat/Resource	303eab6ab6c17cc7ed6cd11bd8bab3331970cd6e	raw
image/equip/m/face/face2/2/show.png	13670	F3466E292C139BDDA7D76F890F03A46CDDA0DF0633519E29D5A96B147D2B9898	image/equip/m/face/face2/2/show.png	trinhtanphat/Resource	303eab6ab6c17cc7ed6cd11bd8bab3331970cd6e	raw
image/equip/m/face/face2/3/show.png	1687	F433D0745345F68B592E91A75ECD1F393FEC4A008EAAE8922BA14B515A5E6424	image/equip/m/face/face2/3/show.png	trinhtanphat/Resource	303eab6ab6c17cc7ed6cd11bd8bab3331970cd6e	raw
image/equip/m/face/face32/1/show.png	12529	56CE31EE07BF626FD982401463371E0EAF779826EC4DEC821D1449D3545EC9E4	image/equip/m/face/face32/1/show.png	trinhtanphat/Resource	303eab6ab6c17cc7ed6cd11bd8bab3331970cd6e	raw
image/equip/m/face/face32/2/show.png	13232	DA23F7C31547ED0D0670F6AFC085E256503323D42B8D7B60A071B749E10A6EFB	image/equip/m/face/face32/2/show.png	trinhtanphat/Resource	303eab6ab6c17cc7ed6cd11bd8bab3331970cd6e	raw
image/equip/m/face/face32/3/show.png	1541	7FC0ACB117979069B489C3B9DCA5D2C40FE7A374696ABC319AC5F95BF2ACF4CA	image/equip/m/face/face32/3/show.png	trinhtanphat/Resource	303eab6ab6c17cc7ed6cd11bd8bab3331970cd6e	raw
image/equip/m/face/face66/1/show.png	10988	B47C9CF695E8FF0BAAEAD5BC05821667D7CEF1D550032127AA7839922D578619	image/equip/m/face/face66/1/show.png	trinhtanphat/Resource	303eab6ab6c17cc7ed6cd11bd8bab3331970cd6e	raw
image/equip/m/face/face66/2/show.png	12525	186CA6A90B8EA1B5263E9493350E0FB7685D3E3A54AB8BA7264F078630D77AB0	image/equip/m/face/face66/2/show.png	trinhtanphat/Resource	303eab6ab6c17cc7ed6cd11bd8bab3331970cd6e	raw
image/equip/m/face/face66/3/show.png	1629	8F0D01FDA22A399A34546F7EDF8BAE9A1C9B6F9641CF487B7AFF909FB00F9F15	image/equip/m/face/face66/3/show.png	trinhtanphat/Resource	303eab6ab6c17cc7ed6cd11bd8bab3331970cd6e	raw
image/equip/m/glass/glass74/1/show.png	6434	409A18FAA3FCA2FE1F50458BD4FF6092ECBFE266AB9D71362CCC73C9936E74A0	image/equip/m/glass/glass74/1/show.png	trinhtanphat/Resource	303eab6ab6c17cc7ed6cd11bd8bab3331970cd6e	raw
image/equip/m/glass/glass74/2/show.png	4692	8A58F1DD436B91B027235407FCE08AA506EEA70652328A1532E218EB9FA2E5C6	image/equip/m/glass/glass74/2/show.png	trinhtanphat/Resource	303eab6ab6c17cc7ed6cd11bd8bab3331970cd6e	raw
image/equip/m/glass/glass99/1/show.png	5632	0220E8254A2CEC4DD046D05E048C8A7011A0CE987C9FAF2F89A160EEDD4699EC	image/equip/m/glass/glass99/1/show.png	trinhtanphat/Resource	303eab6ab6c17cc7ed6cd11bd8bab3331970cd6e	raw
image/equip/m/glass/glass99/2/show.png	3682	47652972AB48CEB1D40297E9A68849ED3F7E99546368A4933AFF96F58471798E	image/equip/m/glass/glass99/2/show.png	trinhtanphat/Resource	303eab6ab6c17cc7ed6cd11bd8bab3331970cd6e	raw
image/equip/m/hair/hair103/1/b/show.png	20543	7253EF26F7FCE4C81348401EF938DBF0BB40FCDA9CC2C6B05CB238C9762EAED7	image/equip/m/hair/hair103/1/b/show.png	trinhtanphat/Resource	303eab6ab6c17cc7ed6cd11bd8bab3331970cd6e	raw
image/equip/m/hair/hair103/2/b/show.png	13943	2BD23F82695131F2BA4EE67E893DA59BDBEEC53483AB8EB84C0F25DCDA6F4A88	image/equip/m/hair/hair103/2/b/show.png	trinhtanphat/Resource	303eab6ab6c17cc7ed6cd11bd8bab3331970cd6e	raw
image/equip/m/hair/hair107/1/b/show.png	9236	B66D07E98C2C0824BCCB05FBF0750ABA1464252A7980E671F3F2BCFEBF072578	image/equip/m/hair/hair107/1/b/show.png	trinhtanphat/Resource	303eab6ab6c17cc7ed6cd11bd8bab3331970cd6e	raw
image/equip/m/hair/hair107/2/b/show.png	5926	0D7C851414C62A0D568C679DB33B32ABBB5821A8716D4D9D3345B9F91DF1A24A	image/equip/m/hair/hair107/2/b/show.png	trinhtanphat/Resource	303eab6ab6c17cc7ed6cd11bd8bab3331970cd6e	raw
image/equip/m/hair/hair58/1/a/show.png	8678	540AE358A7C016D2A968E2810DDACFB535078CBCE72C63DB5D903D5DF0750251	image/equip/m/hair/hair58/1/a/show.png	trinhtanphat/Resource	303eab6ab6c17cc7ed6cd11bd8bab3331970cd6e	raw
image/equip/m/hair/hair58/2/a/show.png	4640	C8B880DCFFE10992DA24D822FF66EB183FE1FF1C0CBBECB0F5E8D1080AE95DD6	image/equip/m/hair/hair58/2/a/show.png	trinhtanphat/Resource	303eab6ab6c17cc7ed6cd11bd8bab3331970cd6e	raw
image/equip/m/hair/hair65/1/b/show.png	11319	29AF819543BEA03B08B91FADCB4C8F4F72F8EB5091BD4C3D44AC97AA7CD245CA	image/equip/m/hair/hair65/1/b/show.png	trinhtanphat/Resource	303eab6ab6c17cc7ed6cd11bd8bab3331970cd6e	raw
image/equip/m/hair/hair65/2/b/show.png	7835	9C3D2687CA69A8CCA37A5B65643D5612D75624DF9770B90697AA7F918A70EB69	image/equip/m/hair/hair65/2/b/show.png	trinhtanphat/Resource	303eab6ab6c17cc7ed6cd11bd8bab3331970cd6e	raw
image/equip/m/head/head228/1/show.png	8618	65FB8927F920D12B8EA74C89371F28B1EF5497BE9FFFB2FF2FCD60EBAA541257	image/equip/m/head/head228/1/show.png	trinhtanphat/Resource	303eab6ab6c17cc7ed6cd11bd8bab3331970cd6e	raw
image/equip/m/head/head228/2/show.png	6591	B67C5AEBDA78E6976E3ED0DEF0C7010DF49F0ED15FD4A025EC6C976A3A93FBAE	image/equip/m/head/head228/2/show.png	trinhtanphat/Resource	303eab6ab6c17cc7ed6cd11bd8bab3331970cd6e	raw
image/equip/m/head/head51/1/show.png	9456	85798426733C65F86BECB96C120DCBF91F6FE63C1CCB7764307C938CA85FD4B3	image/equip/m/head/head51/1/show.png	trinhtanphat/Resource	303eab6ab6c17cc7ed6cd11bd8bab3331970cd6e	raw
image/equip/m/head/head51/2/show.png	6460	D109FB6D08F148295E1EA0BB142EEF49AF55FB614E03D34AE63375DBFC32835E	image/equip/m/head/head51/2/show.png	trinhtanphat/Resource	303eab6ab6c17cc7ed6cd11bd8bab3331970cd6e	raw
image/equip/offhand/offhand11/icon.png	3228	49129939C489E42FF2D7D75AE20F3E4747F217FB7FE33861034341CF90EC1918	image/equip/offhand/offhand11/icon.png	trinhtanphat/Resource	303eab6ab6c17cc7ed6cd11bd8bab3331970cd6e	raw
image/equip/sinplelight/5.swf	9516	9500C3035FECEE24FFA29D71803FEC2D871B8985F64C37F2436A55BC9BF7CF1E	v389-sinplelight-5.swf			embedded
image/equip/wing/wing005/wings.swf	43394	B8D04341ADDE7F1DF4EE08AB8BBEC07597B48B7C1BF7B73B5DFF6B1DDEBCA19D	image/equip/wing/wing005/wings.swf	trinhtanphat/Resource	303eab6ab6c17cc7ed6cd11bd8bab3331970cd6e	raw
image/equip/wing/wing37/wings.swf	81946	E7E7AD5675019149E3885A3B173B7AE3E1D5AE2CCE8642D67966454F53CC99F9	image/equip/wing/wing37/wings.swf	trinhtanphat/Resource	303eab6ab6c17cc7ed6cd11bd8bab3331970cd6e	raw
image/equip/wing/wing38/wings.swf	116850	3B46F32E4915A6CA36E132DB3EC897DECE20B9D8F525B04A10193AA6FAC64D62	image/equip/wing/wing38/wings.swf	trinhtanphat/Resource	303eab6ab6c17cc7ed6cd11bd8bab3331970cd6e	raw
image/equip/wing/wing40/wings.swf	106200	00CC909F6866E7C54EC21F18ABCE6999CD639D60C127D30754B4895F97AEA0AF	image/equip/wing/wing40/wings.swf	trinhtanphat/Resource	303eab6ab6c17cc7ed6cd11bd8bab3331970cd6e	raw
image/equip/wing/wing48/icon.png	14471	B97D0D5A10925CD6E546FBF74B8EBC3F6F9EEA4021524964F08C65FA166886C3	image/equip/wing/wing48/icon.png	trinhtanphat/Resource	303eab6ab6c17cc7ed6cd11bd8bab3331970cd6e	raw
image/equip/wing/wing48/wings.swf	96004	C83E0D68A35B1FBFF9DB2E8735BDE0364405F7936E666B37D0B6F7CECF080E9F	image/equip/wing/wing48/wings.swf	trinhtanphat/Resource	303eab6ab6c17cc7ed6cd11bd8bab3331970cd6e	raw
image/equip/wing/wing61/wings.swf	145532	2DE2B0622DB3C2FD9079293C8C20B23D1BA7A3B02F32D259A85644D3C7C7BC57	image/equip/wing/wing61/wings.swf	trinhtanphat/Resource	303eab6ab6c17cc7ed6cd11bd8bab3331970cd6e	raw
image/map/0/icon.png	5317	5CBA280A81932279853D52E26C945A46533ACF7A1C727F3F14B5E55CE9B3CD25	image/map/0/icon.png	trinhtanphat/Resource-pnkl1999	5b539ac3b04c349383eab9153f92fb590bafa120	raw
image/map/0/samll_map.png	48117	75D7DFEF2FB53C20757381FA28DA802207250B7F3037C229E71E0EDE47402DB5	image/map/0/samll_map.png	trinhtanphat/Resource-pnkl1999	5b539ac3b04c349383eab9153f92fb590bafa120	raw
image/map/12/samll_map.png	16661	150809031F81B1E86CAD3D17E9C4BD4788323A2BA141230C1BD92DBE5347F75A	image/map/12/samll_map.png	trinhtanphat/Resource	303eab6ab6c17cc7ed6cd11bd8bab3331970cd6e	raw
image/map/12/show1.jpg	58081	045F838D17A870065ECBCEFCE37A8E140D98E4AFD75C1154330173ED1F115ED3	image/map/12/show1.jpg	trinhtanphat/Resource-pnkl1999	5b539ac3b04c349383eab9153f92fb590bafa120	raw
image/map/12/show2.jpg	51816	1A9654ECA11C8FB9B041E2E5E6148C7A005BEBF5A56C69939C39B5984F56DE50	image/map/12/show2.jpg	trinhtanphat/Resource-pnkl1999	5b539ac3b04c349383eab9153f92fb590bafa120	raw
image/map/12/show3.jpg	176701	260FA432D47B07A946C616B13D5EA621DF9832BE67F4589E8603A31270A75455	image/map/12/show3.jpg	trinhtanphat/Resource-pnkl1999	5b539ac3b04c349383eab9153f92fb590bafa120	raw
image/map/12/show4.jpg	57357	8178571B28EBC0DF8196B70D872003BD3D10623DC236A4E696290801FF92E022	image/map/12/show4.jpg	trinhtanphat/Resource-pnkl1999	5b539ac3b04c349383eab9153f92fb590bafa120	raw
image/map/2/samll_map.png	20427	1BB72B2B171532A3272383EEB47E834593C548405B220459D2C74BD25C81018B	image/map/2/samll_map.png	trinhtanphat/Resource	303eab6ab6c17cc7ed6cd11bd8bab3331970cd6e	raw
image/map/2/show1.jpg	48933	9142DB9E7794E718461888D3F8C17C547B009A704C15306A503BB84CAC0886B2	image/map/2/show1.jpg	trinhtanphat/Resource-pnkl1999	5b539ac3b04c349383eab9153f92fb590bafa120	raw
image/map/2/show2.jpg	33847	3A3648FFAB60532DD178B81793FD11D00332483C45ED6BAD32B682966C8BCAF0	image/map/2/show2.jpg	trinhtanphat/Resource	303eab6ab6c17cc7ed6cd11bd8bab3331970cd6e	raw
image/map/215/show1.jpg	49075	F7906E3D494823DD93C2AA7E656C8662C2CED11681A555CAA90F0ED219F4201F	image/map/215/show1.jpg	trinhtanphat/Resource-pnkl1999	5b539ac3b04c349383eab9153f92fb590bafa120	raw
image/map/7/samll_map.png	15306	B9873A954738DB31CE1B93FAD6B9D8F6B2986F05F44EA462CE54ED1CF5DA9096	image/map/7/samll_map.png	trinhtanphat/Resource	303eab6ab6c17cc7ed6cd11bd8bab3331970cd6e	raw
image/map/8/samll_map.png	14325	BE4CD7B8565094296DA18E58774118431CD061BFC7D54E6813A3819770EC6992	image/map/8/samll_map.png	trinhtanphat/Resource	303eab6ab6c17cc7ed6cd11bd8bab3331970cd6e	raw
image/map/8/show1.jpg	51594	4E5E170B6BFF91833D9F832EB8A0B98F01EB36848DF7D46EA8CA4700C5150967	image/map/8/show1.jpg	trinhtanphat/Resource-pnkl1999	5b539ac3b04c349383eab9153f92fb590bafa120	raw
image/unfrightprop/baihu2/icon.png	9128	917ECCDEF5209CD16CAC4D328ADB11778C0E386CC317B5A2F6970DA42EF0B761	image/unfrightprop/baihu2/icon.png	trinhtanphat/Resource	303eab6ab6c17cc7ed6cd11bd8bab3331970cd6e	raw
image/unfrightprop/baihu3/icon.png	9589	25DDA9021A136A280AC6A111EE5D7914BD4CCBFA7770E7BFB04AC90DF3F612AB	image/unfrightprop/baihu3/icon.png	trinhtanphat/Resource	303eab6ab6c17cc7ed6cd11bd8bab3331970cd6e	raw
image/unfrightprop/exp2/icon.png	3282	7763AE347301E0BBF86D2F9DC30B6CD45C7D7DD9172BA222B5C8565927DCD9D8	image/unfrightprop/exp2/icon.png	trinhtanphat/Resource	303eab6ab6c17cc7ed6cd11bd8bab3331970cd6e	raw
image/unfrightprop/exp3/icon.png	3282	ABF346CA14475EA465898A31D438A6E96504354F77BF7CF1DFF17FC55770E28F	image/unfrightprop/exp3/icon.png	trinhtanphat/Resource	303eab6ab6c17cc7ed6cd11bd8bab3331970cd6e	raw
image/unfrightprop/exp4/icon.png	3309	7884C2255750AB1B9BC8F4A02B0ED0E089A06325785E43A16F16D173044C65DB	image/unfrightprop/exp4/icon.png	trinhtanphat/Resource	303eab6ab6c17cc7ed6cd11bd8bab3331970cd6e	raw
image/unfrightprop/fang1/icon.png	2962	286AEAFE5510C4195C9D085494F1D1C2349F46158A0F4E5DC56F979EA9D0331D	image/unfrightprop/fang1/icon.png	trinhtanphat/Resource	303eab6ab6c17cc7ed6cd11bd8bab3331970cd6e	raw
image/unfrightprop/intermediateseeds/icon.png	3676	B7221720936C0088DCE2B49F8152F01716004B1C925F40DF70C3604D5D31AAF8	image/unfrightprop/intermediateseeds/icon.png	trinhtanphat/Resource	303eab6ab6c17cc7ed6cd11bd8bab3331970cd6e	raw
image/unfrightprop/junioroffhand2/icon.png	3475	EEE7E8B0C5023CF67B310592713A11789D715B77B2B47B70B980E93D26666702	image/unfrightprop/junioroffhand2/icon.png	trinhtanphat/Resource	303eab6ab6c17cc7ed6cd11bd8bab3331970cd6e	raw
image/unfrightprop/ordinaryrations/icon.png	4217	3E9FE044D7DCC93EDE920BED358D4AE2B3C1503F696DFEE71765221C3E2C0BDF	image/unfrightprop/ordinaryrations/icon.png	trinhtanphat/Resource	303eab6ab6c17cc7ed6cd11bd8bab3331970cd6e	raw
image/unfrightprop/primaryseeds/icon.png	3903	E59863D313B53D2BA251263F158EBD61ABED8737DD287964E0246E79F5B09B08	image/unfrightprop/primaryseeds/icon.png	trinhtanphat/Resource	303eab6ab6c17cc7ed6cd11bd8bab3331970cd6e	raw
image/unfrightprop/qiandao1/icon.png	3451	EB466A3BF1C17142E6EA9A7B75E9BF4D6FA43F03074863A6E2B4FB1408F7DB02	image/unfrightprop/qiandao1/icon.png	trinhtanphat/Resource	303eab6ab6c17cc7ed6cd11bd8bab3331970cd6e	raw
image/unfrightprop/qinglong2/icon.png	9751	B2C3012517563715F4EC824645E47B0D67333BAFEF975589EE90C164F580F8A0	image/unfrightprop/qinglong2/icon.png	trinhtanphat/Resource	303eab6ab6c17cc7ed6cd11bd8bab3331970cd6e	raw
image/unfrightprop/qinglong3/icon.png	10032	A44128A137796CA67DB3EBEB0773110BC52B9B33FEEAC4571B7995987D2F62C1	image/unfrightprop/qinglong3/icon.png	trinhtanphat/Resource	303eab6ab6c17cc7ed6cd11bd8bab3331970cd6e	raw
image/unfrightprop/redpackage1/icon.png	3579	FA277BA1A0B1B6C3AC99B84587F82FBF1C2BD43567089DBB5A5CFACB42D77019	image/unfrightprop/redpackage1/icon.png	trinhtanphat/Resource	303eab6ab6c17cc7ed6cd11bd8bab3331970cd6e	raw
image/unfrightprop/san2/icon.png	3273	830E2B323D67B1AFEEBB7B6B3D1B2A2F3B4F0A6633F6BC2495B61D3B4F11258E	image/unfrightprop/san2/icon.png	trinhtanphat/Resource	303eab6ab6c17cc7ed6cd11bd8bab3331970cd6e	raw
image/unfrightprop/san3/icon.png	3210	6747C178B629E607D3597C43A988CE026C3AE90C59E9DF7D74FC12DB59DD1165	image/unfrightprop/san3/icon.png	trinhtanphat/Resource	303eab6ab6c17cc7ed6cd11bd8bab3331970cd6e	raw
image/unfrightprop/san4/icon.png	3353	19F6BB844C01559B11B838B62EC41A85C40C82A99AF462FADDA55BB138A852BE	image/unfrightprop/san4/icon.png	trinhtanphat/Resource	303eab6ab6c17cc7ed6cd11bd8bab3331970cd6e	raw
image/unfrightprop/seniorchicken/icon.png	5070	935E4FE757ECEBB8BD1021E365046E833392B65593B9CED3DB7EF168210430CD	image/unfrightprop/seniorchicken/icon.png	trinhtanphat/Resource	303eab6ab6c17cc7ed6cd11bd8bab3331970cd6e	raw
image/unfrightprop/seniordrill/icon.png	4735	0E98BD56EADEFF47393C2BEFE13BDF242979151803FB2BF90153D5D4FA0FC7A1	image/unfrightprop/seniordrill/icon.png	trinhtanphat/Resource	303eab6ab6c17cc7ed6cd11bd8bab3331970cd6e	raw
image/unfrightprop/sfang1/icon.png	4585	FD638DD596073663F6A09336DEBB5268D77F5F82834685C9856B366CED84A8CC	image/unfrightprop/sfang1/icon.png	trinhtanphat/Resource	303eab6ab6c17cc7ed6cd11bd8bab3331970cd6e	raw
image/unfrightprop/sfang4/icon.png	4633	AD60DCD567DC495BBC92BEADAE34FED7A23FBAF20C4FF07109AB7F28CF20F8D3	image/unfrightprop/sfang4/icon.png	trinhtanphat/Resource	303eab6ab6c17cc7ed6cd11bd8bab3331970cd6e	raw
image/unfrightprop/ssan2/icon.png	4587	B8DA2C6A0861A1561E9BA10DEF01F7339734505DBC734970AD254DFD2AA2341C	image/unfrightprop/ssan2/icon.png	trinhtanphat/Resource	303eab6ab6c17cc7ed6cd11bd8bab3331970cd6e	raw
image/unfrightprop/ssan3/icon.png	4718	33CBE19712D60152AD6AFE3D01301984373E51C859B88B45A10B9D28B1E0ED10	image/unfrightprop/ssan3/icon.png	trinhtanphat/Resource	303eab6ab6c17cc7ed6cd11bd8bab3331970cd6e	raw
image/unfrightprop/syuan1/icon.png	4691	862CD0C13D2190C0D3BA9518CF9AEF5596C0D0E748C0CB50D94D80C7B8E55487	image/unfrightprop/syuan1/icon.png	trinhtanphat/Resource	303eab6ab6c17cc7ed6cd11bd8bab3331970cd6e	raw
image/unfrightprop/xfang3/icon.png	3156	3157CA2FA098318E37AE3BC10303B8E8E1C9D2B8B4AC93073559ECFBE42A3E77	image/unfrightprop/xfang3/icon.png	trinhtanphat/Resource	303eab6ab6c17cc7ed6cd11bd8bab3331970cd6e	raw
image/unfrightprop/xsan3/icon.png	3305	221D41CA72F1F15FF38CC604B67BAADE63920102D6D0330A5EC9A27CD7375861	image/unfrightprop/xsan3/icon.png	trinhtanphat/Resource	303eab6ab6c17cc7ed6cd11bd8bab3331970cd6e	raw
image/unfrightprop/xuanwu1/icon.png	8986	F0677B0ACA7EEB03D2E8CF08B4B47919D5AA20A929D142D84979DEABD38315A6	image/unfrightprop/xuanwu1/icon.png	trinhtanphat/Resource	303eab6ab6c17cc7ed6cd11bd8bab3331970cd6e	raw
image/unfrightprop/xuanwu2/icon.png	10008	7791001D8FBE227AAEF2FEA307111B5133E8CA0D569FE49A43D45DA6FAD35F53	image/unfrightprop/xuanwu2/icon.png	trinhtanphat/Resource	303eab6ab6c17cc7ed6cd11bd8bab3331970cd6e	raw
image/unfrightprop/xuanwu3/icon.png	10243	F8853987561D500E4D25601CC3E498016FEFB5DF1C961FE447D1D3832951C5C0	image/unfrightprop/xuanwu3/icon.png	trinhtanphat/Resource	303eab6ab6c17cc7ed6cd11bd8bab3331970cd6e	raw
image/unfrightprop/xyuan1/icon.png	3453	0373FF7F5D49403AC6FACFAF9F5B4F56826FDF7FD5991CB3DE3C9897C797871F	image/unfrightprop/xyuan1/icon.png	trinhtanphat/Resource	303eab6ab6c17cc7ed6cd11bd8bab3331970cd6e	raw
image/unfrightprop/xyuan3/icon.png	3389	B19C382378C9CDEAA70563721006090510ECF928C5F909598301F4AB79C0276D	image/unfrightprop/xyuan3/icon.png	trinhtanphat/Resource	303eab6ab6c17cc7ed6cd11bd8bab3331970cd6e	raw
image/unfrightprop/yuan2/icon.png	3402	82FE62038E180AF63A0C8447D7356797C3026B680DC6C654AE868C9876262529	image/unfrightprop/yuan2/icon.png	trinhtanphat/Resource	303eab6ab6c17cc7ed6cd11bd8bab3331970cd6e	raw
image/unfrightprop/zhuque1/icon.png	9140	D8B84622E80F08FE205F13B9021E9C58054F2AA02833484339EA3F7C3CFE25DB	image/unfrightprop/zhuque1/icon.png	trinhtanphat/Resource	303eab6ab6c17cc7ed6cd11bd8bab3331970cd6e	raw
image/unfrightprop/zhuque2/icon.png	9837	E9D61C3AC7B043E3426C24EE48E0F337CE6ADFD39754CD25358D44619F4A1963	image/unfrightprop/zhuque2/icon.png	trinhtanphat/Resource	303eab6ab6c17cc7ed6cd11bd8bab3331970cd6e	raw
image/unfrightprop/zhuque3/icon.png	10039	4144C9EE7715C558FE7CF043E0D128B209A2416E7B7E71DC8F7DA4C2A6300FD5	image/unfrightprop/zhuque3/icon.png	trinhtanphat/Resource	303eab6ab6c17cc7ed6cd11bd8bab3331970cd6e	raw
