"path"	"bytes"	"sha256"
"image/arm/axe/1/0/show.png"	"4763"	"BBAE5DA6AE2174B14A407D0E125A61FB48F43021BAA045CDBD506B89836E55E8"
"image/arm/bomb/1/icon.png"	"3329"	"314FFD8E1EB4154640C2C3F1E56E485CE16416E1B0674D04560CC2D0399C2888"
"image/arm/bombpack/1/icon.png"	"3428"	"36F5B27C36A99F29A0268EEBF50FADF0694DD5604B36E7C817256076186EB210"
"image/arm/boomerang3/1/icon.png"	"4597"	"F901C0461F60160D44D8A0FFA01DD02B18E046C40BA02448F891ADCF1FFAD687"
"image/arm/brick/1/icon.png"	"3586"	"87B098EB4A68D8CBAC7156CDD2C628F668F09B684D616994B9DCCFCB2EDFBB63"
"image/arm/closestool/1/icon.png"	"3260"	"E7F7D58111CCA0C927DBFB0C6EC92DF07D115A75287F1C419A89059417C3F039"
"image/arm/dart/1/icon.png"	"3631"	"42AE85FF1E0CFBE8B77FC0F78191BFF4825BF74209FBA81EBA75BA28D3459103"
"image/arm/electricbar/1/0/show.png"	"5160"	"76FFB57C11D5A26782E0E23708CE5420361DA3BCB1D2420F9CFAD1A8C31E309E"
"image/arm/electricbar/1/1/game.png"	"14153"	"0D003DF42678681FB2CC2AECE1406F3F18E9E4697F6C69F330439D6E078D8EF3"
"image/arm/electricbar/1/icon.png"	"3033"	"40A4D8D31E78AA4EAD248AB76F4A28DAB10156F7533E82121F4839A2BE895AD0"
"image/arm/fruit/1/icon.png"	"3721"	"DBD478F2362211EEDDAC8D6D9948CD392A8F5EDCA673E1E9ED8DE1AC3A4E4D26"
"image/arm/ghostaxe3/1/icon.png"	"4533"	"B60EE1DD5D9A3F3EC6273803B263094AEF0264813A633F3557052513E8FF2BA9"
"image/arm/keris/1/icon.png"	"2789"	"0520C0A3A9A01D2A8516A29B177AB3FAD6787F14DC0342CB5BAB4FB03CD52EA4"
"image/arm/opsbox/1/icon.png"	"3319"	"932C6D4BFC8BAA34BE777D1EE939DAA6827F59BC619413B8830B965D1904024B"
"image/arm/sbrick/1/icon.png"	"5403"	"8231C0EB4DF0AAF83A92691775125072DF496C0D33FA9C14112051353CDA9947"
"image/arm/television/1/icon.png"	"3555"	"7DB86EB797A26ACD3FA78120CCA063FABBC0FB3919DF4A62E5C96E67999755F8"
"image/bomb/blastout/blastout1.swf"	"47214"	"BEEA688AED1123664C2B0A18A7667F37B61A949F34C0D038822DCA8EF78ECED3"
"image/bomb/blastout/blastout141.swf"	"31517"	"28D1A23C9873D4C32533D0D454A18495F553AA5DA9ADCE74869996052C06356D"
"image/bomb/blastout/blastout1411.swf"	"34403"	"B268997E93C2DDD5AD4C2F3FDE0AE30AE14E00B7335BC6CA6FFA89A3CC7A7CFA"
"image/bomb/blastout/blastout1412.swf"	"39345"	"6EE1D6C0948C2B8163EF6E5C4CAA4A9203E8A3D2F9D997253853487038BE6D0E"
"image/bomb/blastout/blastout151.swf"	"35924"	"BD418901BF617A197A9BCDA3EA71D682250714C3E1FC38A1CC13BAE01E743169"
"image/bomb/blastout/blastout3.swf"	"10375"	"3EBA2C6486752CBEE9124CBAB02D1AA85C8DD01DD28C371B9CEB5121ED2AC635"
"image/bomb/blastout/blastout4.swf"	"17003"	"4105888ACCD6AC3C062CB76B44030017227D23CA222D2CDDC3B858707ED943EC"
"image/bomb/blastout/blastout59.swf"	"11273"	"37361D29D379A65CD5C87EF25BF814EC83EF4FF644DBA040162329A824AFA925"
"image/bomb/blastout/blastout61.swf"	"5415"	"ACA932D39AA4F06724D9CDCAAEB91B0E3F466EAE4661D5E7225BE8248B9E9F25"
"image/bomb/blastout/blastout64.swf"	"12426"	"A1EA8AB38604AC70965C8B1DDF173F017865E5A1FC400EAD9F34DFFABFAF9439"
"image/bomb/blastout/blastout86.swf"	"5325"	"37E33B7553CFDF254502E60595D354BADF1B971EDA2AE6DAEB91162033DD1BF6"
"image/bomb/blastout/blastout891.swf"	"27716"	"FA5CD3828DE7FA087A8567C6FF300B3C2FC14CBE7FD0848A128913249D9CA969"
"image/bomb/blastout/blastout96.swf"	"5752"	"C6B4FC88F4DAF509613A6912CCF184FD2BC070FB76FCF0798C02833BCBC2D5E9"
"image/bomb/blastout/blastout97.swf"	"19169"	"C3F22FD9899D5A0C62B77365C963DC86B8EC7177F468211A468573ABF30DC5DF"
"image/bomb/blastout/blastout98.swf"	"19940"	"53BF0A89A55E9511B21B961288F70EAC4D6E4376BCD4257F824E1604751F889C"
"image/bomb/bullet/bullet1.swf"	"338435"	"C15B97FA560F5C110A764B85820831DEFAFA0007B144779BADF17E85EF7026CA"
"image/bomb/bullet/bullet141.swf"	"184025"	"0D3D77B04774B59067CDFF6DE4FF2E33BEF080A2E4B94BB42F5B67EDC6682E5F"
"image/bomb/bullet/bullet151.swf"	"344109"	"A2288ED70CEC64A3E8DCCB2AD982ECCE21FFA227D659319807372D1BC6448DAD"
"image/bomb/bullet/bullet3.swf"	"85130"	"1766EC2E80A56A6E1A8175694E5937BEF69D291F2D70096D5F21D0EB82545970"
"image/bomb/bullet/bullet4.swf"	"146337"	"D075C8FD82749C8DD53C09EDACBE1007BFC294EFDF7B9183DC0FB64309E22CA8"
"image/bomb/bullet/bullet61.swf"	"94094"	"34B755C70EDE407F0DF741D51D8A01308FBF5589BF8B6AA5F07817D165E2A3B9"
"image/bomb/bullet/bullet64.swf"	"101298"	"5B6F61987E85327ABE5C54544C22D606E38C1754C599EAC2422D9439B5CE9938"
"image/bomb/bullet/bullet86.swf"	"63554"	"E126E535EDCFB9874C6F8DE9F5B6B68707722EDE1B2252D00A84552AB9D1F795"
"image/bomb/bullet/bullet96.swf"	"178213"	"2BABD4C787B4D8F2ED183B8CF8DAB99C7B1694C0551B4D612B72FB5A0240A2E7"
"image/bomb/bullet/bullet97.swf"	"218906"	"9B9302264D79BE1649C84405AC1990D15B6D23FF94FAD6A6939554DA0A6D4652"
"image/bomb/bullet/bullet98.swf"	"246835"	"D3917436858D70E70C1717637A04211D4B11B39BD8642DB026F44181038ECCBB"
"image/bomb/crater/141/crater.png"	"1895"	"EB85977D6F66495402B1959A58F47AAD2C396338178F7A09F082FFFFEEB0BEF1"
"image/bomb/crater/141/craterbrink.png"	"4347"	"5E78A4F506CF3DC6B5F18C41FDF3118D6E4C4D974F62B2D4A4C4698F4E0840DB"
"image/bomb/crater/151/crater.png"	"2025"	"56353411A946729DDE89F05F922CC40E683F412843BEDFD82B07EF7F17FEA85D"
"image/bomb/crater/151/craterbrink.png"	"3673"	"25E3A3ADBFE578D9DFA63A3139F3D2C93582D9DC1762EDE32117877DFFE4E0EE"
"image/bomb/crater/4/crater.png"	"1888"	"688730E93259F52D1C8FA04CF240B5BB95DF8DBEE506E62BB3B1AC2E359F9118"
"image/bomb/crater/4/craterbrink.png"	"20888"	"1F09528BE825F47C9050FD00BD55EC481F48355AF7018AC13D79B2F3B14A63D1"
"image/cardbox/soulvalue/icon.png"	"5119"	"825582F9226093B4337DB4FE4F618C551DFCBB6345128D19A266DD190B864DE5"
"image/equip/armlet/armlet10/icon.png"	"3483"	"7ABD0D1843426F907BEE00BE8281925C3F3C8C09BA35B5103E17A95B5BB5558D"
"image/equip/armlet/armlet12/icon.png"	"3995"	"EE89B6EFFB39ED550A9D4B21D56314FADA7A510E136BC031121F09DF4987967C"
"image/equip/armlet/armlet50/icon.png"	"3066"	"9DF56C929974D8A9EAC80F0726344F128981B6FD71ED9D612F3DA4A29B4620DF"
"image/equip/armlet/armlet53/icon.png"	"4664"	"7142885EBFFB045951C62C612C1843282D0AAF62A80791B6DBCCE30209E1F322"
"image/equip/armlet/armlet55/icon.png"	"4665"	"2C299C7357097722B4B2C8ED868C02010BC2F64CDE3DAA36FDC84862C3A505CF"
"image/equip/effects/specialeffect/effect_1.png"	"2269"	"2BD2568181CC2284C6F055B87FA3C46E70EE479A3D92BDEB118DC5AA4A0EBC57"
"image/equip/effects/specialeffect/effect_2.png"	"2387"	"2AF65C629AEC714EABB8AAC7E88D8A08AD62A3425075D7AA5CDAD960046177EB"
"image/equip/effects/specialeffect/effect_3.png"	"1521"	"521F0A5B2B020CFD2BA6183A9C10F00619B03562290064117DD2D23C76E52CC7"
"image/equip/effects/specialeffect/effect_4.png"	"2787"	"435316B93A6D22035B0EDE11F1F559B7E86AD16C24EC83F43565EAA1A7D7A03C"
"image/equip/effects/specialeffect/effect_5.png"	"2214"	"571A42DA508AF7D98BE461029D221C7A86328C353918F5D4A003B26D2EAAF3F8"
"image/equip/effects/specialeffect/effect_6.png"	"3415"	"78457D612A3C54961804E7720B4D55D0F4998FA9340B9A633EE8B3FDE9DA1A5D"
"image/equip/effects/specialeffect/effect_8.png"	"3312"	"B515CA1AF8D25B2787E5FB22DF51395828E8A9F607FF58BFC2901F16D5E00ABB"
"image/equip/effects/specialeffect/effect_9.png"	"3260"	"72B3A2D053848716C9F97A9CE8E4CE4F203F0E2F6F62C987FACAFE9742669092"
"image/equip/effects/state/f/1/show1.png"	"2537"	"7739D2E1694904401AC036D1D6B35779F0C4549B07952CF0569CE234AFC52369"
"image/equip/effects/state/f/1/show2.png"	"1652"	"A99468043AA9444083BF33319714A53D8CCED13E821F6C776333BD9FC9AA9BA8"
"image/equip/effects/state/f/1/show3.png"	"193"	"77EAFF0B1752E06AA36355A82D149F3A90B74CF1674EF3A651BFCE78FFBE48D9"
"image/equip/effects/state/f/11/show1.png"	"3099"	"EAB43FB1B3B283DEBA43089D84A4E068B0F71582A8DEDC14FA6FCDD48F3D83BF"
"image/equip/effects/state/f/11/show2.png"	"2387"	"5948DD6B82B9127B3A25D68BA03248149384C688D8CFA2F020A92E440EFDE5B6"
"image/equip/effects/state/f/11/show3.png"	"193"	"77EAFF0B1752E06AA36355A82D149F3A90B74CF1674EF3A651BFCE78FFBE48D9"
"image/equip/effects/state/f/2/show1.png"	"2569"	"F72A980E060E05D9E2D646872B4ADDFF21DD132C10401EA125A56D2EAF4898E2"
"image/equip/effects/state/f/2/show2.png"	"1964"	"33886CA4A139622BBFEE0627B369A071C75932F0ECA14C53CBDAD738988E6351"
"image/equip/effects/state/f/2/show3.png"	"193"	"77EAFF0B1752E06AA36355A82D149F3A90B74CF1674EF3A651BFCE78FFBE48D9"
"image/equip/effects/state/f/3/show1.png"	"3168"	"D544A69867D9CCBD357E1BE6A57A4EE80FE7E8FAB887E4E9A2DB72897B925B6B"
"image/equip/effects/state/f/3/show2.png"	"2493"	"F01208AAE3F5FB4AFAF6DFB70BF7CF43E9DCFD488F123A39B72F04F602C8E769"
"image/equip/effects/state/f/3/show3.png"	"193"	"77EAFF0B1752E06AA36355A82D149F3A90B74CF1674EF3A651BFCE78FFBE48D9"
"image/equip/effects/state/f/4/show1.png"	"2484"	"D762D25A8467E66A77D79488F38D2323E0A88700199785427E8F76FC66B2B486"
"image/equip/effects/state/f/4/show2.png"	"1660"	"2C202C355F1227AB6F3030F65F2E9258914CD110EDAF3D77F1140B16902DD939"
"image/equip/effects/state/f/4/show3.png"	"193"	"77EAFF0B1752E06AA36355A82D149F3A90B74CF1674EF3A651BFCE78FFBE48D9"
"image/equip/effects/state/f/5/show1.png"	"2639"	"381E19F8AF5BA283B72B93F0D9BFBB3DEE121DC9F84B10BEF4E767E7590724AD"
"image/equip/effects/state/f/5/show2.png"	"1684"	"7B609451137E7CF570D408A2308A19FFE67D8B2F2DCCFA09BE26B04C0F809F65"
"image/equip/effects/state/f/5/show3.png"	"193"	"77EAFF0B1752E06AA36355A82D149F3A90B74CF1674EF3A651BFCE78FFBE48D9"
"image/equip/effects/state/f/7/show1.png"	"2611"	"24E0CDC6BD1556DA745ECA5930273C2917342D6B0F3CFA6AAD4B592641B93D3D"
"image/equip/effects/state/f/7/show2.png"	"2025"	"465160BC86122A70045833CE741023291F65676CF630ECC8DD58C9EC6311C7D9"
"image/equip/effects/state/f/7/show3.png"	"193"	"77EAFF0B1752E06AA36355A82D149F3A90B74CF1674EF3A651BFCE78FFBE48D9"
"image/equip/effects/state/f/9/show1.png"	"2946"	"EA047436719520D99CE3C4823799D4340E7B9B072CE773C6E4595DBD55B4539B"
"image/equip/effects/state/f/9/show2.png"	"1815"	"7990D6F56FDD2016384A764B85035343204DE4A49F72F8B6FFC3C7303AFB9A52"
"image/equip/effects/state/f/9/show3.png"	"193"	"77EAFF0B1752E06AA36355A82D149F3A90B74CF1674EF3A651BFCE78FFBE48D9"
"image/equip/f/cloth/cloth152/1/show.png"	"6940"	"484C49FDEF3320286047279A62A9BB2AB9DC6904452FD0535CEF994C0D573C9A"
"image/equip/f/cloth/cloth152/2/show.png"	"2281"	"128540DA87D9C87B930954FC493E48C4B841CF39ACB015A4C8492807BC8CCC08"
"image/equip/f/cloth/cloth152/3/show.png"	"2634"	"646D41450DF90566ADAD5FD6C4E8B28DC6F9E2AA7B4354E52AEF028E09BBF7FD"
"image/equip/f/cloth/cloth152/icon_1.png"	"3399"	"260BC68EBCD9CD5F1B236ED7DF880D30DAEB668D5CB1D4F995FC42D7DCE29E54"
"image/equip/f/cloth/cloth29/1/show.png"	"5507"	"8E08E3774F69BF0F062B96EB3CC44D6B3C6FF186A224B081A3DEB9F71D683D3C"
"image/equip/f/cloth/cloth29/2/show.png"	"1934"	"739C32304334D17F78CD039223531374463C1A5292B546A1B9EFECE0907F44C1"
"image/equip/f/cloth/cloth29/3/show.png"	"2386"	"8C964D456664ADDF0422584BBDE30BDC82B96CE30464393D870B57CA7F981820"
"image/equip/f/cloth/cloth324/icon_1.png"	"4000"	"18EAD14AA7A1E24ED7F1650A2425904B5C4D93F0928E542D77350115C294AE34"
"image/equip/f/cloth/cloth47/1/game.png"	"11877"	"1BBC2C84E9D4BEB44145AF1CF5D743B254EEDF17820A69FB46D7595F9A5ADCC9"
"image/equip/f/cloth/cloth47/1/show.png"	"5736"	"1CCCB86E71E12793AC645C2097EE3E0875161DF7A75F453C0C78A19A5E6027E8"
"image/equip/f/cloth/cloth47/2/game.png"	"6796"	"3ED8284C5DBCA1891255C56661C9FADC1FF8670FF3873D36ECABB4091A12B24F"
"image/equip/f/cloth/cloth47/2/show.png"	"2313"	"0C1F00C83826844B012BBF34AC6B232103C7F3ECADB201ECA7F0CD8530E1ADD6"
"image/equip/f/cloth/cloth47/3/game.png"	"4749"	"D7644359E3879FEAC60333F1FAB025DBB7B5B4DDCC3C5FD44A66C7FB34774667"
"image/equip/f/cloth/cloth47/3/show.png"	"1827"	"050D95F7BD2529D3E2E11EEB084FDCB792570AF3FC1A37E3B62E628E433CE21F"
"image/equip/f/cloth/cloth47/icon_1.png"	"2641"	"06390C49AB063F5C8AEDCD380E7FE9A6BF364F2867E3D2CE7B87B8D50315854D"
"image/equip/f/cloth/cloth76/icon_1.png"	"3070"	"415222E09A19927B0E1F0607E9FD80631521877819CE6441D1BE34B95179D950"
"image/equip/f/eff/default/1/game.png"	"249"	"8E02CF196744307B200883DBF7D273661E8500E50CECBFD68F57FC7B0AAC47DD"
"image/equip/f/eff/default/1/show.png"	"204"	"7F3919B6CDF019A65C2DF8535299B3A58CE2D2C82050B138007367CDAB96AE1D"
"image/equip/f/eff/default/2/game.png"	"249"	"8E02CF196744307B200883DBF7D273661E8500E50CECBFD68F57FC7B0AAC47DD"
"image/equip/f/eff/default/2/show.png"	"204"	"7F3919B6CDF019A65C2DF8535299B3A58CE2D2C82050B138007367CDAB96AE1D"
"image/equip/f/eff/eff66/1/show.png"	"2055"	"479236ED14B05E03ACA553C8193AC8F77287B964480EDF0477012D0E07E29304"
"image/equip/f/eff/eff66/2/show.png"	"1145"	"DBED9EC8A9973B89970B1F7ECE1EF277CF541FB4DF5AAE915FFA0E3ABF7BF276"
"image/equip/f/eff/eff66/icon_1.png"	"2529"	"0E3FAC3F307E2161DDDBAE92DB8911C51462272939A5F31C28A36DC1E5947883"
"image/equip/f/face/face3/1/game.png"	"81009"	"7C632875E72EFD5AE46294B2C1EC9767B3A6DC1D492C45CD51822C621877ED24"
"image/equip/f/face/face3/1/show.png"	"12016"	"1000D2A157B8609E9F6A060728F2ED297D0D2709422EAD2D6BBA9A497F8B075D"
"image/equip/f/face/face3/2/game.png"	"49447"	"8DEC77269DD947230C943A762516AEACD3C5F66535CFAA5ECC3A6E38270CCF0D"
"image/equip/f/face/face3/2/show.png"	"14247"	"9FBA42498185BE47AA3598FE0646656A67ECED021FEB9C574A708D0F8CD1B776"
"image/equip/f/face/face3/3/game.png"	"7646"	"7734274075BEFC058986CD21036AB12DD172D965FCB0CFE22C935AE2DCC1064C"
"image/equip/f/face/face3/3/show.png"	"1642"	"7D1F0BB7CE487B56EF5A27360B1D7A571FAE7629E1D69EDC55489336539397AA"
"image/equip/f/face/face3/icon_1.png"	"10013"	"FBC3C41A1D67A65AFF47ECF03467891EBDB531E0A39B0C43274703427DC5038C"
"image/equip/f/face/face59/1/show.png"	"11796"	"A5C85ABE07FF2FEB7438EEFEEB14014E9830ADC6ABD856DC472057187117FA15"
"image/equip/f/face/face59/2/show.png"	"13387"	"1BBFBA261513F0E5794523F05C336D6BD8D8A424F6F61A56E32B2780DE7E6794"
"image/equip/f/face/face59/3/show.png"	"2272"	"1DA509E84990202BDEB04F7E217426430CF7FBD96DD75AC0F04B5322B430B24B"
"image/equip/f/face/face59/icon_1.png"	"3215"	"1D05DA35196A4D3879FAB00ADD5DEFC3975B4F1A7DD65A812F359941708AD8E8"
"image/equip/f/glass/default/1/game.png"	"249"	"8E02CF196744307B200883DBF7D273661E8500E50CECBFD68F57FC7B0AAC47DD"
"image/equip/f/glass/default/1/show.png"	"204"	"7F3919B6CDF019A65C2DF8535299B3A58CE2D2C82050B138007367CDAB96AE1D"
"image/equip/f/glass/default/2/game.png"	"249"	"8E02CF196744307B200883DBF7D273661E8500E50CECBFD68F57FC7B0AAC47DD"
"image/equip/f/glass/default/2/show.png"	"204"	"7F3919B6CDF019A65C2DF8535299B3A58CE2D2C82050B138007367CDAB96AE1D"
"image/equip/f/glass/glass20/icon_1.png"	"960"	"ED866FDCFA6C3EB4E827D96E8472C8579D6A04D4E614E8E1D27384701DE00A6B"
"image/equip/f/glass/glass22/icon_1.png"	"886"	"5EAF95B3259A892E9ABA7F7BF9B50124E056161AD331285FAA2AD2C1BB5BC64C"
"image/equip/f/glass/glass3/icon_1.png"	"2185"	"A3F7289DCC9C685FC28CA3766EC696D771AC637865A6FDA180386A54DD4BF16B"
"image/equip/f/glass/glass6/icon_1.png"	"2898"	"D9CC2C76CC1185FA9D138850A29F86B227D6DA1745870D16AF5270F4B9D16778"
"image/equip/f/glass/glass85/1/show.png"	"6337"	"DFE75EF620C01F709D044B226D86564FDB7DBD1414729214EBE9487E85064711"
"image/equip/f/glass/glass85/2/show.png"	"4509"	"4270AFF53E07099B8EDC8B0DF0D0A900FB9248089C5F2A27A4A66058F6687E9C"
"image/equip/f/glass/glass85/icon_1.png"	"2875"	"6B9DAE3EE19FE8930F727C59BE9A1C1CDDAC39FB771C4B89740408790A130FDF"
"image/equip/f/hair/hair100/icon_1.png"	"4584"	"D4F17BE0396B6B12F0A6524F078F82A545C657A4AD80217747D009D2BF154F79"
"image/equip/f/hair/hair101/icon_1.png"	"4662"	"3C9B02875284E4ADF86DA2ACA3C71D7B3EE598BCD898B4C689E4950B0581FA71"
"image/equip/f/hair/hair102/icon_1.png"	"4177"	"B56162D2A911F182241B9731440C998B2FE087624495BE2FB6234872B2524A86"
"image/equip/f/hair/hair103/icon_1.png"	"4116"	"3E9229109B16DA7242F63CECBB173B9EF4182FC864590571580C5846CD3F558E"
"image/equip/f/hair/hair105/icon_1.png"	"4169"	"6C6A58BBF7EDB044D90D8C12CD9BB38BE0F305DB9BDF266EB5065EF06BB2D0B4"
"image/equip/f/hair/hair106/icon_1.png"	"4497"	"E5248585FF566BC1FB0C57E0FEFEBF4D8AEEEBDA2058DBD8C1CC2184732C4D92"
"image/equip/f/hair/hair107/icon_1.png"	"3824"	"66FC6AEB011ABEE7B856BAA415EB8BB8CA0DC827B29795B756AD11B600740A10"
"image/equip/f/hair/hair108/icon_1.png"	"4041"	"3EBE50F15F13B4B48A9BD45E607FB8EF1C758B59C3279B58F525157777CB7C20"
"image/equip/f/hair/hair109/icon_1.png"	"4426"	"E4A8C459DE5EB7C971F35DE482E5646F542F18EAC36E184E14513B3D455FF2F7"
"image/equip/f/hair/hair112/icon_1.png"	"4141"	"30B55EADA2A86DCA0AA659DA0C607198FFEAF4EA02B75456B560FE92E91C85D0"
"image/equip/f/hair/hair114/icon_1.png"	"4266"	"529D65A38EA7C19010492FFD1B1066775C4ED5FA624B947C409BCB9558E364DD"
"image/equip/f/hair/hair115/icon_1.png"	"3600"	"D68CC181C388100E5C7007B0B96B06136DC9F514E50F3952428765727FB6660D"
"image/equip/f/hair/hair116/icon_1.png"	"3647"	"AABE0385D87D349DD48ABD123911370D0EC7E291A7A3CEC9B83A6A0674040CA8"
"image/equip/f/hair/hair117/icon_1.png"	"3615"	"480B8B09E325DB383E15EF5E655CA07251BDFDA01AC43D46220B7BE9F8AE8997"
"image/equip/f/hair/hair144/icon_1.png"	"3743"	"16149D7FCD65ECEAE7B4454E228143EF090D6D137AD8194B5E01691F9E74CE91"
"image/equip/f/hair/hair145/icon_1.png"	"3565"	"EAF70004B4021C009F42DA026890295064219D7691C993210617191ED94E37A3"
"image/equip/f/hair/hair146/icon_1.png"	"3746"	"72A22B29DBACEA2AA483D5543D816AE9E8E3C503B970041BF1262DAC18755BCA"
"image/equip/f/hair/hair35/icon_1.png"	"3954"	"CE36632E41FB0707D50965DCE7F78069C940E227D2DABD98926B6AC92CDDB2DC"
"image/equip/f/hair/hair44/1/a/game.png"	"30578"	"A2A3A937461DF8C816F1BFE52C3722DF94F5FD4DC0D5116AEC76F4365BA08569"
"image/equip/f/hair/hair44/1/a/show.png"	"10315"	"B783AA7F57FC1B43D4687B2986A0436B7EE6B37741C04AB95E4FED97BBED744F"
"image/equip/f/hair/hair44/2/a/game.png"	"23967"	"C12DEFF2F793AE78F31BE6D216E3993C5713D2751E9CD714376E7B89E1AEE8E8"
"image/equip/f/hair/hair44/2/a/show.png"	"6129"	"F14C4C62997891DBF973BD3931ED53C3A1E12020B6CDE7FDB2370D95093E0D74"
"image/equip/f/hair/hair44/icon_1.png"	"3877"	"A7A9BC1020294B856235107D5FB47591493DE73977A05D6440986FFD33CB3C0C"
"image/equip/f/hair/hair65/icon_1.png"	"3982"	"B3771F35683C3BC8BEA5B3D4F41FBFB3F243A770D80B11D663EE947F15D5F8E4"
"image/equip/f/hair/hair66/icon_1.png"	"13176"	"D0D81CD34DBDD60443364A825A378563972DBB68771000F6FAD0CB8B6A2E3B1D"
"image/equip/f/hair/hair71/1/a/show.png"	"8565"	"8AC4194FAF41FD775F18531DB26A9F043EF1EA5A0549C48F09790AEC51ABAD23"
"image/equip/f/hair/hair71/2/a/show.png"	"5832"	"B90FA701ACD4F4A0979D2CC1ADBEE0029AE493FBEE16655982FA1ACC9AA7464C"
"image/equip/f/hair/hair71/icon_1.png"	"3894"	"0A735C97D9F5261A82A4A801620B28BC161BFB58B57E9D73E36D815C149583E1"
"image/equip/f/hair/hair74/icon_1.png"	"4357"	"9078936D51CD40A620D72F8DF258376093BC35721AC040206BFCE260810EDC6F"
"image/equip/f/hair/hair77/icon_1.png"	"4240"	"2AA3BC33F1254444F355277966EA8E77624CBAD16D53F394C9872C89E391DE6A"
"image/equip/f/hair/hair80/icon_1.png"	"4285"	"6491C444BF8DF90882386E5CE92E71083B2FD73AB67F500A2C3391108D7E1D96"
"image/equip/f/hair/hair81/icon_1.png"	"4155"	"7E87198830E020F5AD521C4A2AEC57942A661EF1B272ECFB520005AC66DF639D"
"image/equip/f/hair/hair83/icon_1.png"	"4367"	"839F2D47CD0DEBB61C67AB6F119E048A6C8A657A01451E0DD09A5B4707815E16"
"image/equip/f/hair/hair86/icon_1.png"	"4051"	"B9BE56D0BA0A0D1A777055018690EA7D61B8032646E5C14CA88A00E633062B8B"
"image/equip/f/hair/hair87/icon_1.png"	"4017"	"C88946A34FCBE8A830A737F9D52BFF06CAC9EE22D4E196B735D354A4B376E753"
"image/equip/f/hair/hair88/icon_1.png"	"4225"	"CC5CDE9539C02FD89D2608E23C7FFF595CE9CAC149CB1EBE7DBB3ED2DFE1AF8A"
"image/equip/f/hair/hair89/icon_1.png"	"3825"	"B8F1E91F540811C2B90D9CA8643FD73B3BC4F105F3A546A3B9AD41C3CF2DBC66"
"image/equip/f/hair/hair90/icon_1.png"	"4030"	"81ED1741DDD998FF0ABA337AAA6BD5278935CFECE9B5FDB23F5AC3C3F0534D5C"
"image/equip/f/hair/hair91/icon_1.png"	"4237"	"3E46213CD159D711A9ADB0B12E986A86D7399723F95AD33F48D7EFDB28E2525A"
"image/equip/f/hair/hair92/icon_1.png"	"4062"	"DA0F050B2ED80A1F33D73A2054CD3CD3132F9A13BF798D9CD4E155286AF843AB"
"image/equip/f/hair/hair93/icon_1.png"	"5115"	"6189AF8882FCFC9FD7496817E73B22F2B718AC87019C8AD2ADD2020C40F4C23D"
"image/equip/f/hair/hair94/icon_1.png"	"4057"	"F7AEB71573F991CBCDEC782ECFE1CA0B75C26F13138B4D6D5048A054B60B0AE6"
"image/equip/f/hair/hair96/icon_1.png"	"4106"	"DAFD440D287FC8F62AD78411E536B2FB9289C9C50BA228988877A264BC6D1A94"
"image/equip/f/hair/hair97/icon_1.png"	"4173"	"02E83A3A909DF053E9076A043C695942315A5B6A603AB27C78C3DA765F268D99"
"image/equip/f/hair/hair98/icon_1.png"	"4112"	"8C47C9756F37BB5C02C3F242A029768775FFDEB1C1EA174C9C55C23C37A47B45"
"image/equip/f/hair/hair99/icon_1.png"	"4211"	"DAE7219A9E292A86373A50DC0BF52632B5DFA1837A3E9575783273AE2DB5C524"
"image/equip/f/head/head10/icon_1.png"	"2874"	"5BE8DAC2334DFCD91F120FD0A81D9F1B4C9ADC5384DC453CB7A7D191DA17D7F0"
"image/equip/f/head/head13/1/game.png"	"22483"	"49050F54E94A6E8B885C766914DAB22A6816FD6D652CFCB69B59AD7C06F4DF60"
"image/equip/f/head/head13/1/show.png"	"7204"	"19BD24545CA6DB17CD9861960CA36120A336AB2464695E667371BBC03381B9DF"
"image/equip/f/head/head13/2/game.png"	"16753"	"F84D381EB39637A9A526C6745B25FE539FDDB579E20CBFD5A8E4E10877C2A6EF"
"image/equip/f/head/head13/2/show.png"	"5256"	"7F9BFADBDE690BCCF1933D7DC762F9D867F4142092D953ED83C9E158AF442FFA"
"image/equip/f/head/head13/icon_1.png"	"2717"	"40F1993533CE3C50866DC983E3FB614B3B08B92886FF90AF434AC5CB08DC34C3"
"image/equip/f/head/head16/1/show.png"	"7186"	"F1AA0691A26EBD98014566FE184C42795D001BE95C0A5AE4BE7CCA4709F16F95"
"image/equip/f/head/head16/2/show.png"	"4128"	"6537720FD4F5608A957E28D8753820738AEB2E109C1E86FB384C0839BE70A58E"
"image/equip/f/head/head16/icon_1.png"	"2847"	"3DD6887FAFEB6D9190109E422C3895A8746ED39AC3FB56F37A3379E51677A011"
"image/equip/f/head/head196/1/show.png"	"10020"	"84EA64B61864AEB6672C26156C3EEA62E0741FEC822C41688AF938AB2E593F9B"
"image/equip/f/head/head196/2/show.png"	"4636"	"DA4AEFAEA6B9AD17117620D3D30C32A1A095B15A1A1B7C77EC712E2C82BA4FAC"
"image/equip/f/head/head196/icon_1.png"	"3125"	"F83726CA7B02D73D1B732DA568EBEABA1D3C54696781564F15245C2EA7F393FB"
"image/equip/f/head/head2/icon_1.png"	"3796"	"A16CFC969249585FE761E9A886D02A5186E9413C303ED953AF13B8F05486FF8C"
"image/equip/f/head/head330/icon_1.png"	"4125"	"F75785C3A71B81A2E8AB638BEF0ED302BB86E614004B1D486A93299433DE89EB"
"image/equip/f/head/head52/1/show.png"	"10454"	"5D1D08D6DA912A76BAFE7F4B16FC19251EC7EEC1DE78B10D97A372FE9BD8A57A"
"image/equip/f/head/head52/2/show.png"	"2852"	"D7BFCD5449EE27803421A80ABD6520B901BBA053204EC7E87AD9D4B67CF17FF9"
"image/equip/f/head/head52/icon_1.png"	"3032"	"78C5EF706F7D147F8D9B818A96455EAE03CEA8B16818939E76704048B1F12E71"
"image/equip/f/suits/default/1/show.png"	"204"	"7F3919B6CDF019A65C2DF8535299B3A58CE2D2C82050B138007367CDAB96AE1D"
"image/equip/m/cloth/cloth310/icon_1.png"	"4100"	"216C358053391900D826A56F136F251C456980689CE7D706DFCCB200B95A174F"
"image/equip/m/cloth/default/1/show.png"	"5967"	"FF5B2FBC85F6CF7C82C4216FED65446A006AD742BCEC713DC83EBA645C341E58"
"image/equip/m/cloth/default/2/show.png"	"2706"	"4BF5D294E197EABE78350297944D44D70655FE651BCADC5806A0FDF1710E83BB"
"image/equip/m/cloth/default/3/show.png"	"2219"	"75E5684AF680FB8BFB951EB69081D3B044EA8F300BAA5E26F46F4E29D31172D2"
"image/equip/m/eff/default/1/show.png"	"204"	"7F3919B6CDF019A65C2DF8535299B3A58CE2D2C82050B138007367CDAB96AE1D"
"image/equip/m/eff/default/2/show.png"	"204"	"7F3919B6CDF019A65C2DF8535299B3A58CE2D2C82050B138007367CDAB96AE1D"
"image/equip/m/face/default/1/show.png"	"12258"	"858737E5DE6D42250152C5196B7864FA5DCAE9E1C13C621155F477B7B91B13A4"
"image/equip/m/face/default/2/show.png"	"13885"	"DEAA2A32EC1BD5DE80F39C23827A318A9CEBCEA1EA7D23ABE5D70AEA824AF4AF"
"image/equip/m/face/default/3/show.png"	"1426"	"008E505876C5A659B38173490A0B68CCBC2AE91E6BF4637ACC95EA946F63D7FB"
"image/equip/m/glass/default/1/show.png"	"204"	"7F3919B6CDF019A65C2DF8535299B3A58CE2D2C82050B138007367CDAB96AE1D"
"image/equip/m/glass/default/2/show.png"	"204"	"7F3919B6CDF019A65C2DF8535299B3A58CE2D2C82050B138007367CDAB96AE1D"
"image/equip/m/hair/default/1/b/show.png"	"8182"	"EE676A9D0D1ECF840F946FEAFBBF971EA0DFEDF47F00370053256222D7FA38AB"
"image/equip/m/hair/default/2/b/show.png"	"4712"	"807CA1B27372351B474FB3086A3007F8E67C989E61EEE195E592A50783700C32"
"image/equip/m/head/default/1/show.png"	"197"	"A1C40BCA58EF1337759D1E81422128C4181FEDB43287CF34B07FEBC84EF50B3C"
"image/equip/m/head/default/2/show.png"	"197"	"A1C40BCA58EF1337759D1E81422128C4181FEDB43287CF34B07FEBC84EF50B3C"
"image/equip/m/head/head330/icon_1.png"	"4125"	"F75785C3A71B81A2E8AB638BEF0ED302BB86E614004B1D486A93299433DE89EB"
"image/equip/necklace/necklace5/icon.png"	"3599"	"1FFC5FF5A63A596AF415187260BF6FB4E307928525790FCA0DFCF6D58BCC1BFD"
"image/equip/offhand/offhand1/icon.png"	"5061"	"44FB7AE83BD75E2CF72307B86805A78B575EE90C97D58F5C3C35469ACAC501B9"
"image/equip/offhand/offhand4/icon.png"	"3919"	"2F9D892675D7B028D9782139496D198323A2C3565119B207EA0671A9B2B07A66"
"image/equip/recover/recover1/icon.png"	"2943"	"B5CD0BDCC997E1662397FD8B09A1E9C50698D7EAA8B4427C42DF2022448A9FDF"
"image/equip/recover/recover2/icon.png"	"3411"	"57C95D270F9005DC6DDAD7200D1C23DE1048BEADBAD86897508B9A1A37279CA4"
"image/equip/recover/recover5/icon.png"	"4744"	"440524F6A4AA7CB5001848E8750B564718327ACBB9D3F799A4C2233CA17C4967"
"image/equip/ring/ring10/icon.png"	"3075"	"7B984E635D022E7DE7228547773D002DC255DC1EFD5DC632BAB8A17E369CF9AF"
"image/equip/ring/ring12/icon.png"	"3670"	"221EC9CB544681687C1049F17FD5CDDDF639659ACF22FBBDD06F9C52F694C7F7"
"image/equip/ring/ring55/icon.png"	"4763"	"F0787D1CA3A823524593ACE234135D6FFDA8E981BD9830FD47A4E02DE642B737"
"image/equip/ring/ring63/icon.png"	"3705"	"72A08377643C27E9CD826BD5E194BAB192580AB10195392FC8D4CD001E7C8497"
"image/equip/ring/ring65/icon.png"	"4290"	"1E0473CAD45AF176A6D261CECA3C33485AAA65ADFA106555B1B2A147C485F2E8"
"image/equip/ring/ring75/icon.png"	"4237"	"FED31BA03B1D837E8932F1E0667A7724E64767CFD7CF47AD6F158AEA97D58B9E"
"image/equip/wing/default/wings.swf"	"339"	"D390FAC39DA9AFDD89A4BCA815C3893C13919299F896EDB244EBE43A88973991"
"image/equip/wing/wing007/icon.png"	"4053"	"6093D20B1FFF64DFEBA66557C5EB587844E1A8BECFAA4F724CA1AB658EA1D2CD"
"image/equip/wing/wing007/wings.swf"	"27201"	"9326B0D2996FF580EAF1E836616D9C110A6F760BA2E658BDF22B769946B58F73"
"image/equip/wing/wing37/icon.png"	"12843"	"8669F1A4A8A8927B17EDEC0A9FAD9C4C9BCD5CB215B3972464038CDBF541F22A"
"image/equip/wing/wing40/icon.png"	"15090"	"4FEC9D930688998F6EECCCE1401F6E0EBB66CD8BF3E9BFAF5D1E78C7ABA373ED"
"image/game/effect/0/guangquan.swf"	"74955"	"08266C969D5A011AAC99EB4AB0A07EC703F0C90B4CD3663BF3B541A063456982"
"image/game/living/living001.swf"	"119683"	"0FF8B4E8F08794AFF049FEE0659D8ED6B6ED78C5E5D04F1EEF7A5882A66A567A"
"image/game/living/living002.swf"	"105667"	"810429983B504D972A4BA91CF64E227D4190655E8182584758D30B43FEEE91A6"
"image/game/living/living003.swf"	"262487"	"B8A9E232D196805679DF291459B88D0953A23B49F51DCBEA345EC961C0952709"
"image/game/living/living110.swf"	"94158"	"652D1BD03713C699749F28F6B8CEEB8C1827CF24BB9C4DE4273BBE326EF6B7F2"
"image/game/living/living111.swf"	"379298"	"8572044F7F7C2F8E561844FC57E3752C283AAC4D2714FA627AB907BBA0D31FB4"
"image/game/living/living180.swf"	"361436"	"CFCE35E67CD29740AF1D1C754AA1B8B4E328316E1FD14FF73FBEE9C21BC22529"
"image/game/thing/bossbornbgasset.swf"	"19387"	"3AFE8677B6493ADFACD2A2685AFDC584B86BAE61011A265AA760AA803ABE036A"
"image/map/1007/back.jpg"	"58155"	"81D62052E452E66BD1B0486B06757409F326109A85959E42C2080F6C60CCF96F"
"image/map/1007/fore.png"	"229357"	"4F2401DBF3B3E83F8BC9E9D677E52CF0B11DA09C87B46F43B64563A7C52C843B"
"image/map/1007/icon.png"	"2736"	"87382419B656414D5DC4C79745C71C78390051A1BB037C54D2C79DE60398C2D9"
"image/map/1007/samll_map.png"	"17328"	"72D8B1D9B8B44BDF3BD4CD2F0D8E852627FA6C9AA85CE7448524A566C3259586"
"image/map/1008/back.jpg"	"55070"	"8E8ABC4A7E79438AF4FBB541148F09586D42CA73A5A1017419923C744E26B351"
"image/map/1008/fore.png"	"307695"	"0B7350AAADFDE4987EC8B73B11212209DC2D4625CE979D56A4E79766EA9FD28D"
"image/map/1008/icon.png"	"2677"	"6597F0BDDAD1D0AB0F3881A2E826F765438286ED4AC3A37D9F650C8D6AA81801"
"image/map/1008/samll_map.png"	"15078"	"ACCA552A2F7CAD317E3CFB6CE7AE36BDED3D9B9A9EE4AA9107B24F74FE1B62EE"
"image/map/1015/back.jpg"	"93168"	"E1E315A61A026EC344C72EEF5F2E12D9E495429E6BF73E09250509F17181D675"
"image/map/1015/dead.png"	"201149"	"BB23E00558073074A846AA86ECDF79DFC887C9CFC1820DD30E7887C235DC63DA"
"image/map/1028/back.jpg"	"111439"	"1C97A8635B592E2675ADF2E700AE3A9E7DD54ED914BEB6A1065857F984E27771"
"image/map/1028/fore.png"	"436666"	"6BBB4C9EA79FBB1E1023F417C39FE36DCBE290BBD11ABE0F885EA4407CA8C9DE"
"image/map/1028/icon.png"	"3220"	"FC8241B969F92592919C086B1DEC7ADE3271613173EF869BDF90CA8A12C485AB"
"image/map/1028/samll_map.png"	"14431"	"678DBC666B55F49B00ADF93C1DB23EE57C1E07ED9B5B0368E76FD7A8C5A5E2CE"
"image/map/1064/back.jpg"	"124019"	"759370B98F981DEF25F570BB09399FDC518FCB0AF7704E807F36710838C4B43E"
"image/map/1064/fore.png"	"147999"	"3334050B683E5E52DE16FBC976E692850C0D8EE35C62064A3F978BEF1D2C00B7"
"image/map/1064/icon.png"	"2944"	"16E7CE45D5F1E7E1CA20754B4254DEDF9C4BBE7B897CA27707B00FCAE7CEB5F7"
"image/map/1064/samll_map.png"	"13720"	"7161400A3F92CE10F34934A4AF893519DEA3140672B7A12D593B49E06F5F51B8"
"image/map/1065/back.jpg"	"90383"	"FC74239C051A1CE66D5A00ECEE12CB94EBDF129FE6BFFA30317888A24E8AFF5F"
"image/map/1065/fore.png"	"362794"	"E6786A0F11AF38987DC1A9A2DF03EE28EEF9E3DADE42DD0D644452E91F609F93"
"image/map/1065/icon.png"	"2895"	"1E86F97437C6FDB935A07618F7FEC8423F0D2450131C1794A2C654C32B874F95"
"image/map/1065/samll_map.png"	"11950"	"DB8F0BC855C727EA3D9863F9A2696856B3E601F820EEA0F0B9F928D5D9C77FC3"
"image/map/113/icon.png"	"3307"	"BC49F11C2459692870C5F6674B499ADFBD4DC30000743C720ED4ECC6396FF301"
"image/map/113/samll_map.png"	"14159"	"53EE87DE4937D27B2CEB6E8384C8AFFF145A8C95935DB5EF05EE653D48D69AB8"
"image/map/113/show1.jpg"	"40301"	"39274162AF3B8995B6A30CBFD74B640F73B7F1ED0F48B26FF77960760A44ADC7"
"image/map/1132/back.jpg"	"50313"	"03B608CF63BFCF987559C8F2D15ACF04ABA585E5601D059586858B8A1E77F784"
"image/map/1132/dead.png"	"195234"	"B5576E577B940188AAF9596AE0A80658B4938B8F7249A2E4501C8D07F3135655"
"image/map/114/icon.png"	"3370"	"1C7950B5209D6D92BE39AF8708EBDF5EFABFD6CE9FA1901D039BC74C7E678A5A"
"image/map/114/samll_map.png"	"17986"	"4DA2ABD9F803EC8177C163CA400BCDBF4549596D58AC026DFEC6D629FED6C19F"
"image/map/114/show1.jpg"	"35973"	"8199FF5E8E5CB3EE4068C91C656C8FFDB7DAC0DAF495336B2F9EF8D9CB085F6D"
"image/map/115/icon.png"	"3357"	"FD8E520C183E10759C7CF8BD6CCF3B09F9BA321D4D233209B1E52C393E8A8234"
"image/map/115/samll_map.png"	"18187"	"041AE862E31AE86549D51B5AF62D5FFB41316B8361CD69D1058DD77A0AF78EA7"
"image/map/115/show1.jpg"	"40455"	"ECD869C84C9665952C57C86B9E2E05A1DBD253859B690B299EB752C8C6DC84BC"
"image/map/1158/back.jpg"	"153570"	"CED450BF3C83EA37995C047B7F1A23137670FBB0403B4063C2347F7A818FA62D"
"image/map/1158/fore.png"	"357672"	"E85229AD2D2929434E9B1028AEBB469CA567811F7CBAB93F88877FE3A5A41D74"
"image/map/1158/icon.png"	"2612"	"A0DA71C737C547B5F8C09D6869D5C34BEC11DFA967D3B8F0A35A9778C4874332"
"image/map/1158/samll_map.png"	"18431"	"3BAE1F3E2C3724275D9FB3C67EB724F9E3A01CCE2E84C5939F53B46BE2607FEB"
"image/map/2012/back.jpg"	"45344"	"EA7470836C62DDB4E294C12D9DF13CCA1036AAFE450A7BD7579192E27C56778C"
"image/map/2012/dead.png"	"117872"	"699EAE0E112D93A7C134850A0D01A36BBDD83CBA0E7D4E1DB733A83A65A4D5BE"
"image/petequip/arm/arm1/icon.png"	"5133"	"E1D619E51493838BA8B9EEEBBFB9EFC86AA2A9AF23B3D9260225E03F153FFBE1"
"image/petequip/arm/arm2/icon.png"	"5280"	"C671EF9E18AE912FB9ABFCFDBA01C0C13998A41C95A4C2882BD013EB7209A5D2"
"image/petequip/arm/arm4/icon.png"	"5128"	"D64792F4D4FD612ADC5162982809536289100FC246D0148CD3D1D41796F0D9D8"
"image/petequip/arm/arm5/icon.png"	"5284"	"FF284EABCBAC23D243906F114CCFEA6601998D1C4F0AA49F3E74BFC9EBC3FE14"
"image/petequip/cloth/cloth1/icon.png"	"5291"	"AD314970431367D79B5377749093048D255F2256E6266E9AF0ADB101CA23C387"
"image/petequip/cloth/cloth2/icon.png"	"5137"	"172F58634F3AE88FB7AFF160A2EBC7A00F9674F94C58F5422C0A4004C19ABA39"
"image/petequip/cloth/cloth4/icon.png"	"5209"	"A936AF6C03AB5BC033319A6A819FDF706F1B361C68AC0EFFB115704F0B43C9EA"
"image/petequip/cloth/cloth5/icon.png"	"5266"	"99AB772950D30F36F710F6DC58B089AB24CA2AAC0433C8BC31AEF35D19C3F6A5"
"image/petequip/hat/hat1/icon.png"	"5032"	"CC399B17B236AD7BDD1B7CEDEB2E82CF896410E82F7EDF47F9A7911436CBFC36"
"image/petequip/hat/hat2/icon.png"	"4975"	"63FE30A4B103EB160125CA62BF8BCB66435E423615824C15DA1848BABE38D11E"
"image/petequip/hat/hat4/icon.png"	"4942"	"6FA8644CAB3B816B805C1C9769B1FCEBBF65018F4A2E3BC3A69DAB8D7B4935CE"
"image/petequip/hat/hat5/icon.png"	"4947"	"5795E405BE7C63DF274EDF7191E800C15D6C4815A61912EAA5D7AE8F1863A9B4"
"image/skilleffect/effect001.swf"	"86275"	"E6A2DA12DC104C187D6287EA1D1C6444ECC44602799EDF4D8C4952BE0382B5AB"
"image/skilleffect/effect002.swf"	"100870"	"E5EDA55EB3F037677E00ADC5C2A3EE51EF92B86848F1F6DE30A65237426ECC23"
"image/skilleffect/effect003.swf"	"68628"	"8AAA8C6C97E0E6283986DF5E0CBFA3C3C56C274004B5AAC92559BB516539DCE2"
"image/skilleffect/effect004.swf"	"221716"	"3935FA1F69E5F4CDACB4C5FEAE21D6AAEA5329493B163BC8A3943A6F07649E97"
"image/skilleffect/effect005.swf"	"146521"	"9BDAB0DA893A2942DC74573BEC408D7D953D3612D6BDBC4E626938BCC10A6E2B"
"image/skilleffect/effect006.swf"	"123943"	"6D1F53DBA0B49599C972995147BAF49B890B0AD735B07EEDFFC471F65D2A6151"
"image/skilleffect/effect007.swf"	"25876"	"3A584157B393E57B1E458B09069C803D987189AA6A1645B80B519BE3FBC003F3"
"image/skilleffect/effect008.swf"	"12631"	"7452E80CC1A79A4881DCBBD560267264DFA5F9F1DAA230125AEF7952155B8042"
"image/skilleffect/effect011.swf"	"64549"	"2AA886410EB04A450644E122B68BE29B686D58B91DB667B4576CAEE94C44847C"
"image/skilleffect/effect012.swf"	"67254"	"DDE67A795A4DF8FAB51C8C64E9BE02C2FEB0FC887AF62385928477ED58E0DC73"
"image/skilleffect/effect014.swf"	"64554"	"AD7F1D5108C2BEAFA78EA7750850B9EF9F861ABA247BE2A2D0108D18DCA44E9E"
"image/skilleffect/effect016.swf"	"65859"	"6674A60EBCD67FA963219BFAFB8AB4EF153AE235C84E0F2786540B647FA98735"
"image/skilleffect/effect017.swf"	"63958"	"B97732E5543C8BEA65DDF91A119EEF4C9397DF26B4E565397B39A18630FA102D"
"image/skilleffect/effect018.swf"	"17767"	"F22A3DD0FB802764797A57A6BD1F89652983573A31EAA7CFA634FB562B10C11B"
"image/skilleffect/effect019.swf"	"5647"	"5AC1C4DA2033F327889259A0D3F8CD00471FDF04CFB3A9AE0DB8E04B4BF3A00F"
"image/skilleffect/effect033.swf"	"286519"	"3760ABCE328B60A3EAC163FACAEDF0F3F34A18451337DFBCFB6B9FA1B61BE685"
"image/skilleffect/effect034.swf"	"7335"	"CBCE5DC1D8571D05EFE89509413C52C4FC8C996BD68888D80E562D94763BB7F8"
"image/skilleffect/effect035.swf"	"189752"	"EFA89BFF6C78ACA5DC885C7EBFF36C93B203B1CA4BD508966C654A55B581D2AA"
"image/skilleffect/effect036.swf"	"30921"	"94C6A515DE4F6D8C8815B9562AD021A36211E9BBBB6C22A4384794BEB2FFA6B5"
"image/skilleffect/effect037.swf"	"57022"	"7F86ECDD3A0D114F21856A5A9B8DB834CE84D4EDA9DB847680246827725A2A14"
"image/skilleffect/effect038.swf"	"57030"	"06C04CA80499EDA080F061AAF70F5CD2E36E0C92C22F64D251373E90BA86B93C"
"image/skilleffect/effect039.swf"	"57027"	"B3E8FCF94D63F3F779FB7DCF2F5D0BC9EEB810E7B54C78539398012DD8E343BD"
"image/skilleffect/effect040.swf"	"316553"	"AEF9B7448D43EB08DBA4EDAE01F47B559D4D7376B0D8638356B7D4DA62834AE5"
"image/skilleffect/effect041.swf"	"338612"	"AF021BADB42049EB4E16AAE6C371502BE9EE6F6C3E7036211AC16FB88FA62633"
"image/skilleffect/effect042.swf"	"179475"	"491A73CA88F2A8B66001F986639CF8F6F82EF2B74D71F9B2A3D93E570EE661B6"
"image/skilleffect/effect048.swf"	"57047"	"7C3080C85320057593F844652DD682653058EE9BC2B4797887F248C18625CB12"
"image/skilleffect/effect049.swf"	"35360"	"D734FBE67F21FE6DF5F64CFC6D785B5EA207D62EE951264DEDC07683475422A0"
"image/skilleffect/effect050.swf"	"57469"	"31DDF7AE09526F23CEB7ADA81C2FEA484EA6706B7447B77A7C9075A9A2C2B17C"
"image/skilleffect/effect060.swf"	"27773"	"09FB23F6981D7EB15E6513887447EA925B8B86846D06DA4CC538E8A38FE03B83"
"image/skilleffect/effect061.swf"	"14986"	"267B157BD098A2612041331D4BB34FDA1EDE54E468A69C114E19B69F4CD33035"
"image/skilleffect/effect062.swf"	"17946"	"16F8DFF65525013EA0147DB2CA13FD520E6892F6C8F9CFADC4524AF25A0108A8"
"image/skilleffect/effect063.swf"	"97550"	"891761DFE282483DE9CD0C65F77760699BF56FE161CD04F279E5D3835AB00595"
"image/skilleffect/effect064.swf"	"26917"	"14DD1F5F641FBED9C4167CFFA2DF9A4AAD51EFED9C0BDD887188BA2A190D3559"
"image/skilleffect/effect065.swf"	"20638"	"AD0AD99287E25374EAF41F0FD7924398716BE513671FD7E20C79A1F07009A751"
"image/skilleffect/effect066.swf"	"4400"	"EFEB394FB24BEBC7E02A4FC209F24DE0B9E4A26A0B3CEB193F54306E273C0D5A"
"image/skilleffect/effect067.swf"	"33625"	"79F065F11605C63F388BEE9C51BCFC2F36A736B6C0883AF68BF0F287198625AB"
"image/skilleffect/effect068.swf"	"106550"	"B6C1513974DE97DD68E4E06B1750CDCE634A8A20A8CFB9124F72781CD43F7D89"
"image/specialprop/chatball/chatball15/icon.png"	"11394"	"281F69C580A371651328E512DAD794204A3CB35484C743F4EFFE22630A9F386B"
"image/unfrightprop/78x78heianbaolei/icon.png"	"14213"	"440C207C4D5711155266758D8D6FEE86A2849DE352B5D1B8F5E5F45100338708"
"image/unfrightprop/advanced/icon.png"	"4675"	"102E2585552297344D61D72A32435F06E02592AD32478C1F871E437E04A88C1D"
"image/unfrightprop/baihu1/icon.png"	"8753"	"7E22F4671662B3A18084EA793F109AE2E4514E8ED16480C7D62F9E54A2DDF3FA"
"image/unfrightprop/baihu5/icon.png"	"3894"	"B09D5697106FBA7825E0067381F2B4B4E0B6A535924B38FF5CB8696A934C1D2E"
"image/unfrightprop/bbbugle1/icon.png"	"4195"	"8F82400BAB7E74DB98AE419694CE6732DE637CB75860F83D90CA9C94CA9EF4D7"
"image/unfrightprop/bbugle1/icon.png"	"10457"	"F500C2FE7A38B54D1AE4407F421443000C32FA59603E0074272F5DA59EA51C31"
"image/unfrightprop/bbugle2/icon.png"	"5187"	"18F0EA16D25C54AA59500B51CF99B870EA9A883EC4C71BD091ADFC0FB05264CA"
"image/unfrightprop/bbugle3/icon.png"	"5626"	"D7D4AC0A2B8FECD571E718689B3E460B436CC1AD54BED8549812B689FD294AEF"
"image/unfrightprop/bbugle5/icon.png"	"4688"	"D274CB28A0387A68175FD735DC50CE6A9880D638262BA82A8910660FD5BFAA2B"
"image/unfrightprop/bbugle6/icon.png"	"14341"	"0E1078578DEE2E71A254EE695685E824CACC82B117FFAD22F6AD64453347C8F8"
"image/unfrightprop/bindingvoucher/icon.png"	"4749"	"5A3AB827ED29F706586AE591BF68C3D91EDC858847CA9CE92A1A78CB3178F057"
"image/unfrightprop/caidan/icon.png"	"3516"	"E3F44A59330F088121B488307EA4C8D6038C80E8E0F2CFDBA82C4B68C5BC516B"
"image/unfrightprop/cardpackage/icon.png"	"5109"	"5BD5020C404E2793225E06B9B27F5F5F8918133EE5E90D92CAE25F44A9F34679"
"image/unfrightprop/chuizi/icon.png"	"3404"	"9D30CCB3B4E9695556EA183C9997BD2A8EB8039496CA625B37E30FCA32DB68F4"
"image/unfrightprop/egg2/icon.png"	"4013"	"54761466F5FF1C6AB60449B3FBF5E5C87CF923F8A3733678B2FD753190D52855"
"image/unfrightprop/exp1/icon.png"	"3215"	"20B3BC8AA6AEEF2976CF70F54729632AA0240F507F515B74CC8BE4D5EB74BF6A"
"image/unfrightprop/exp5/icon.png"	"3266"	"7027479C1176F595FB11ED9C9A21898622BAD85ED71916FDF33DC27C1E323F4A"
"image/unfrightprop/gold/icon.png"	"2471"	"FD2C7FA47B40A0121A9BB08A22F8CE81C4415BFE4A57A6D6D7D4AA6ED012C22D"
"image/unfrightprop/guanzizu1/icon.png"	"3215"	"04E6D8ED33C86237E986DB48ED1350CCA36720CFE40A66FDC003232DB95EB694"
"image/unfrightprop/guanzizu2/icon.png"	"3238"	"134CE7AEA674F99A2CE0783891E7B8C29BB6C128E74790A924247EFE085AFB99"
"image/unfrightprop/guidname/icon.png"	"9155"	"3692BD6954EC646219CE8225A61B13262018C54628A2D921CB9D415E83C4516C"
"image/unfrightprop/juniordrill/icon.png"	"4014"	"C91DD5C331551E3B5A6BA1F4675936B5C296EE519B5F650A2ADB51A4812E79A1"
"image/unfrightprop/luckystar/icon.png"	"9023"	"24ABDAA45E476456B54CE6C8074C4C822F803F888B5EE90542111930BF0D9211"
"image/unfrightprop/man/icon.png"	"15172"	"7066F1846D1D228770D419EE434B7A28848DE056C78789DFC09D221C6D018980"
"image/unfrightprop/mysterycardbox/icon.png"	"4496"	"B1FEE37A368C12116E9CE5245597FAF8D7608515232C17F539E00562B1BB6808"
"image/unfrightprop/name/icon.png"	"2878"	"B3ABF3D3FD0DB8EC073515A9D44BFEAF0511984058D4498C03658F86FC359C57"
"image/unfrightprop/package2/icon.png"	"4331"	"EE64386F4E9FEE3BDB1F386F6E4C2706BEDF120EA565C8E71FAC32FFC719C760"
"image/unfrightprop/package4/icon.png"	"4671"	"DBA15947D89C94CEB83E734EEDC8420D168A0E45374631A02E449631BAB7AFF9"
"image/unfrightprop/potential2/icon.png"	"5160"	"C7B01670A27509F4FBF762E0D60BB8D7F4B9525ABC448319873AE46F62E5996B"
"image/unfrightprop/proposal/icon.png"	"5185"	"AC91D87E560F9D2B9F2EDE2D324DBF4B3257057AE7E13ABF3ED5EE947D592F25"
"image/unfrightprop/purplestone/icon.png"	"5160"	"EE3E6F1A822C643E7D5C1C925C7415849E36E1EF6F75D74CA5A008874E75783F"
"image/unfrightprop/qiandao3/icon.png"	"4941"	"89680E892B0A026807A2C130A9F347B8CC0F035BB751859F7FF79EC470E50970"
"image/unfrightprop/qinglong1/icon.png"	"8982"	"D1D82A3055C76BCAE946661F4B3D6A0009AD1BCABDC414E9C44D8A0446AAA716"
"image/unfrightprop/qinglong5/icon.png"	"3883"	"BA4A2DC74246966BB489B67B1DFAAA57A6DFCE5A73AB6485499A79B77AD155CD"
"image/unfrightprop/qixi1/icon.png"	"4694"	"FF809F12C3831E5E5966DFE855B99DB8278E859AD958E2D61466445A73689B90"
"image/unfrightprop/rainbowtreasure/icon.png"	"4611"	"CBED3923612CB68F1167DBA6414F80E41CA4D6AA577F9DCB210881646D8A9D21"
"image/unfrightprop/reputationcard/icon.png"	"4045"	"4E90FDF9DA98ED743B6ECB879881734D11AB832358CF13FD6C4B5F45D0DA8F36"
"image/unfrightprop/sacredstone/icon.png"	"4846"	"24D0AC9691837305E4FA3573C6BF6064E7E3E34EFA41F1A8A78C1179A510FA0E"
"image/unfrightprop/sbugle1/icon.png"	"10603"	"36715A3A4E763ED155D38EFB8BA2F55C062B2CB6E434915A78E49FDC61764592"
"image/unfrightprop/seniornecklace5/icon.png"	"4067"	"9370BA3C87B4720C66E19E4A295D48AF210D5CE2F9184D410D99578C9869B14F"
"image/unfrightprop/senioroffhand2/icon.png"	"5128"	"19BC7B8B07B4BD8CB61DC4128C109F09BDD31964FB7F2C5E84F244B3F761557D"
"image/unfrightprop/shuaxinquan/icon.png"	"4690"	"6D1F2BFF8AA18CED272AEA9BB818F1DA401E6599840B8B7D51120C4B69D6DA64"
"image/unfrightprop/soul/icon.png"	"4762"	"55B0C7AFF82064D4F6E1D4694B12DC147EC60AC8CA69AFB346F6912600FA3916"
"image/unfrightprop/strength11/icon.png"	"4991"	"9839CE3439A2501FD0B80036C9FAEEF319832034F57AE346DC5F7BA3F764685B"
"image/unfrightprop/suijika/icon.png"	"4922"	"32583B7AC891BB619EDFAB7097CE4B7CCC790848CB09B865ECF89BF741A07382"
"image/unfrightprop/symbol1/icon.png"	"3038"	"E5B6A1633F42973598A9663FC5D79389BB5296A1ADFA79237C058712A53531E7"
"image/unfrightprop/symbol3/icon.png"	"3021"	"628A6A7C3703690EFB86704303AB0BD681A4B02BCFD069C474172C3DBF1A6409"
"image/unfrightprop/symbol5/icon.png"	"4373"	"C5875E9FE57D21DD15088334258C6CE7110E536F3E175AEB22DC07E4AFA192D6"
"image/unfrightprop/syuan4/icon.png"	"4660"	"E3076B6504B1C3CFBBE401710AB983D65DE33759B8D696908A955E8919A95148"
"image/unfrightprop/ticket2/icon.png"	"6128"	"E43646426B09C0C355D6E4C317F2133538DB4A0A9F675820DEA22CB7D32C990E"
"image/unfrightprop/ticket3/icon.png"	"6427"	"64CC9435023569CD77B39D22DB201AA2F36272B3017555FDD8D55B2D88288784"
"image/unfrightprop/ticket4/icon.png"	"6459"	"8FA24A2C936FFE57F2E2C5C9722FF52C818CE6117B9A06EE4AC1E9254F975E7E"
"image/unfrightprop/vfgifts/icon.png"	"3408"	"F074B3147E23748EC4DD6A9B6C34435CEF84791C232602E080ECD82D5909620A"
"image/unfrightprop/vip/icon.png"	"13371"	"2C5C0A57A86647A0C931F6368BD1E90CBB50A057D7EAACD3F02F1E2DCD8B0240"
"image/unfrightprop/vipcard/icon.png"	"2948"	"FE16C03C2269B2CFB099066F7C7DF6F89A39121E6CD22A28F0A64845EAA69C83"
"image/unfrightprop/vipmiddle/icon.png"	"4635"	"3F3ECCCA07C29FA274B5379A9D6A9888E49F9E830B699CA92B09E086CC771332"
"image/unfrightprop/waterbag/icon.png"	"4768"	"6BA2D5B471D142349CEA8BA327A84B158311FB5CFAFF841A50316FAE5B3FDFF7"
"image/unfrightprop/winbox/icon.png"	"11359"	"DFFCF431A5076F78B4AAFB107BFC8DB895027D027F754BB1DB904D21BBCDA1C0"
"image/unfrightprop/xfang4/icon.png"	"3091"	"86FE5E12FC35566950337592F760264E762D0C436FCA63BA3FA48560DE279C43"
"image/unfrightprop/xfang5/icon.png"	"4596"	"145F9B534B159A2F455C14CBB3FA2D95515907C57FE03CE5354AD989B0928315"
"image/unfrightprop/xiulian1/icon.png"	"4590"	"E0E40D44CCE656A53778782143EE2EB383B541D99381B973B220D5305362D938"
"image/unfrightprop/xiulian2/icon.png"	"5463"	"38135B1F28A8DA7088A3BF6B7B9E91AB62C58FA248B8A1A78BD57BD15DD90AC1"
"image/unfrightprop/xiulian3/icon.png"	"14770"	"746843F9B1554000377CC27D31CC9830F534415BDF7DF052F8D5E67DBA624416"
"image/unfrightprop/xsan4/icon.png"	"3293"	"31403ACFDA21DED82D51DCDF6ECA138E4888BA86C96D5A1D254B9066D2108698"
"image/unfrightprop/xsan5/icon.png"	"4644"	"805572C796805D3870A8C06C961AF480938541281020AD63D75A5DA7654307F0"
"image/unfrightprop/xuanwu5/icon.png"	"3891"	"457AA6380093157B53DE445E51D854E1585C2AF7439588D35ABA7B322198469F"
"image/unfrightprop/xyuan4/icon.png"	"3592"	"BF878FD91F09D6F847711DDD565BAF71E9EE8257E01C404E1E6C0102A5987D1C"
"image/unfrightprop/xyuan5/icon.png"	"4741"	"1432ED2034FB534F4C002EC5ADD17A8F68763A7443E55EB4B4887901423D9A30"
"image/unfrightprop/year1/icon.png"	"4147"	"1C8426099C64CD747D9BA449AF62D34F4C2AD892E98BD59E73199C330B855D5C"
"image/unfrightprop/year2/icon.png"	"3649"	"58A7FC9727B6AD1E79E0BFED80D7237BA7B19A40BDDFC603ACC0ABDF60F3B7B6"
"image/unfrightprop/yuan4/icon.png"	"3595"	"3014B9F1633B86BA115BA7B7BFC769BF43179B07706849E9D127900A8ECEF163"
"image/unfrightprop/zhuque5/icon.png"	"3819"	"08761D17FF64B46A979E19651F260BCB14BBC5D0083C6BD174CA79CB0798D9D5"
"image/worldboss/4/icon/worldbossicon.swf"	"16625"	"D0C8E90BB5B003DA21537F36795C4B6EE6F25A44301CE7120D9C0008E79415B6"
